-- phpMyAdmin SQL Dump
-- version 4.7.0
-- https://www.phpmyadmin.net/
--
-- Host: 127.0.0.1
-- Generation Time: Jan 14, 2019 at 10:51 AM
-- Server version: 10.1.26-MariaDB
-- PHP Version: 7.1.8

SET SQL_MODE = "NO_AUTO_VALUE_ON_ZERO";
SET AUTOCOMMIT = 0;
START TRANSACTION;
SET time_zone = "+00:00";


/*!40101 SET @OLD_CHARACTER_SET_CLIENT=@@CHARACTER_SET_CLIENT */;
/*!40101 SET @OLD_CHARACTER_SET_RESULTS=@@CHARACTER_SET_RESULTS */;
/*!40101 SET @OLD_COLLATION_CONNECTION=@@COLLATION_CONNECTION */;
/*!40101 SET NAMES utf8mb4 */;

--
-- Database: `my_first_api`
--

-- --------------------------------------------------------

--
-- Table structure for table `migrations`
--

CREATE TABLE `migrations` (
  `id` int(10) UNSIGNED NOT NULL,
  `migration` varchar(191) COLLATE utf8mb4_unicode_ci NOT NULL,
  `batch` int(11) NOT NULL
) ENGINE=InnoDB DEFAULT CHARSET=utf8mb4 COLLATE=utf8mb4_unicode_ci;

--
-- Dumping data for table `migrations`
--

INSERT INTO `migrations` (`id`, `migration`, `batch`) VALUES
(1, '2014_10_12_000000_create_users_table', 1),
(2, '2014_10_12_100000_create_password_resets_table', 1),
(3, '2019_01_14_085922_create_products_table', 1),
(4, '2019_01_14_090019_create_reviews_table', 1);

-- --------------------------------------------------------

--
-- Table structure for table `password_resets`
--

CREATE TABLE `password_resets` (
  `email` varchar(191) COLLATE utf8mb4_unicode_ci NOT NULL,
  `token` varchar(191) COLLATE utf8mb4_unicode_ci NOT NULL,
  `created_at` timestamp NULL DEFAULT NULL
) ENGINE=InnoDB DEFAULT CHARSET=utf8mb4 COLLATE=utf8mb4_unicode_ci;

-- --------------------------------------------------------

--
-- Table structure for table `products`
--

CREATE TABLE `products` (
  `id` int(10) UNSIGNED NOT NULL,
  `name` varchar(191) COLLATE utf8mb4_unicode_ci NOT NULL,
  `details` text COLLATE utf8mb4_unicode_ci NOT NULL,
  `price` int(11) NOT NULL,
  `stock` int(11) NOT NULL,
  `discount` int(11) NOT NULL,
  `created_at` timestamp NULL DEFAULT NULL,
  `updated_at` timestamp NULL DEFAULT NULL
) ENGINE=InnoDB DEFAULT CHARSET=utf8mb4 COLLATE=utf8mb4_unicode_ci;

--
-- Dumping data for table `products`
--

INSERT INTO `products` (`id`, `name`, `details`, `price`, `stock`, `discount`, `created_at`, `updated_at`) VALUES
(1, 'perspiciatis', 'Eum sunt delectus nihil repudiandae ullam laborum enim. Dolor sed libero voluptatem voluptates expedita corrupti ipsa. Beatae illum nemo occaecati.', 2650, 7, 17, '2019-01-14 04:01:47', '2019-01-14 04:01:47'),
(2, 'exercitationem', 'Qui et sit dolore consequatur quidem. Maiores consequatur labore sed. Ea necessitatibus voluptatem quia occaecati suscipit sit pariatur.', 2160, 8, 19, '2019-01-14 04:01:47', '2019-01-14 04:01:47'),
(3, 'quis', 'Impedit nobis optio quo nesciunt nihil. Culpa est ut et eos et id voluptas possimus.', 2053, 8, 23, '2019-01-14 04:01:47', '2019-01-14 04:01:47'),
(4, 'rerum', 'Dolor nulla harum modi eos aut. Deleniti ab eligendi sunt veniam numquam. Ratione expedita sit mollitia ipsam ipsam ducimus.', 703, 2, 13, '2019-01-14 04:01:47', '2019-01-14 04:01:47'),
(5, 'id', 'Corrupti quo ex nihil id ullam. In nisi laboriosam dolor aut ut odio. Cupiditate et doloribus sapiente qui quis quis.', 1019, 4, 18, '2019-01-14 04:01:47', '2019-01-14 04:01:47'),
(6, 'excepturi', 'Eos culpa facilis mollitia quae. Aliquid voluptatum aut nesciunt deserunt saepe rem et ad. Accusamus veniam reiciendis cupiditate voluptatem est.', 2626, 1, 25, '2019-01-14 04:01:47', '2019-01-14 04:01:47'),
(7, 'eligendi', 'Modi voluptatem deleniti totam tenetur officia optio exercitationem. Ex odit iusto aliquid dolores et. Eos qui cumque neque et. Nesciunt rerum rerum nam a.', 1895, 1, 18, '2019-01-14 04:01:47', '2019-01-14 04:01:47'),
(8, 'consequatur', 'Eos et suscipit voluptatem soluta odit voluptates. Vitae rerum vitae eos aut quis et.', 2891, 7, 6, '2019-01-14 04:01:47', '2019-01-14 04:01:47'),
(9, 'maxime', 'Et voluptas aspernatur ea. Porro odit sunt deleniti sit dolorem. Id ipsam enim eum quibusdam. Sapiente maxime totam reprehenderit praesentium ipsum nisi placeat.', 2109, 0, 6, '2019-01-14 04:01:47', '2019-01-14 04:01:47'),
(10, 'eaque', 'Et ut itaque ex. Repellendus consequatur cumque dolores. Sint enim labore optio dolores et quibusdam. Qui consectetur occaecati molestiae totam. Quibusdam eos sint qui ut.', 1826, 3, 29, '2019-01-14 04:01:47', '2019-01-14 04:01:47'),
(11, 'nam', 'Iusto maiores et aliquid maiores omnis veritatis. Quo reiciendis cum consequatur dicta quia ad deleniti. Qui dolor odio qui a dicta laudantium. Tenetur recusandae dolorem quis.', 1707, 5, 13, '2019-01-14 04:01:47', '2019-01-14 04:01:47'),
(12, 'modi', 'Qui illum sint quo tenetur. Quasi officiis minus repellat nihil est consequatur non atque. Aut illum saepe sunt tempore voluptate consectetur. Cupiditate molestias animi sequi molestiae consequatur quo.', 1140, 8, 12, '2019-01-14 04:01:47', '2019-01-14 04:01:47'),
(13, 'quia', 'Tempore officia sed consequatur blanditiis doloribus. Vel tenetur qui maiores non rem illo. Ut iste officia magni velit. Dolor et omnis quo.', 302, 9, 23, '2019-01-14 04:01:47', '2019-01-14 04:01:47'),
(14, 'aut', 'Vero rerum ullam repudiandae quod quam. Natus maiores harum quisquam ea illo tempora quidem odit. Numquam aut est est perspiciatis dolorum dignissimos.', 1607, 6, 22, '2019-01-14 04:01:48', '2019-01-14 04:01:48'),
(15, 'necessitatibus', 'Laudantium maiores eligendi sed omnis quia doloribus nam. Possimus nisi blanditiis magni impedit non tempore quod. Illum id possimus facere recusandae fugiat dolor fugiat libero. Cupiditate ut porro qui minus quia.', 1444, 2, 18, '2019-01-14 04:01:48', '2019-01-14 04:01:48'),
(16, 'ut', 'Tempora rerum tenetur sit in vitae velit nihil. Aut odio veniam ab fugiat. Quae et repudiandae ut perspiciatis velit dolores dolores. Quos reprehenderit quaerat illo molestiae rerum voluptatem cum.', 890, 4, 30, '2019-01-14 04:01:48', '2019-01-14 04:01:48'),
(17, 'ipsum', 'Temporibus omnis voluptas dolore et. Voluptate deleniti ut sit laudantium. Illo earum modi accusantium odit non magnam vero. Ut commodi voluptatem labore culpa non qui libero tempore.', 2286, 7, 30, '2019-01-14 04:01:48', '2019-01-14 04:01:48'),
(18, 'enim', 'Quam ratione est dolorem cupiditate ipsum quaerat rerum. Ea sint alias enim iusto. At pariatur sunt fuga atque laboriosam in ut quaerat. Quo inventore quisquam ullam non.', 981, 0, 6, '2019-01-14 04:01:48', '2019-01-14 04:01:48'),
(19, 'non', 'A qui voluptatem accusantium sunt minus. Et quia sit qui dolorem quam.', 2458, 9, 6, '2019-01-14 04:01:48', '2019-01-14 04:01:48'),
(20, 'in', 'Qui sit enim deleniti minus ab. Qui natus modi sed quia. Tempore suscipit et vitae nesciunt dolorum. Alias dolores delectus iure voluptatibus non quis quas dicta.', 728, 8, 2, '2019-01-14 04:01:48', '2019-01-14 04:01:48'),
(21, 'eos', 'Facilis vitae mollitia voluptate ea fugiat adipisci. Fugiat labore sit voluptate est voluptate natus quos. Repellat eligendi illum ut doloremque aut et possimus. Nisi facere ad eum vero fugit quod vitae.', 847, 4, 28, '2019-01-14 04:01:48', '2019-01-14 04:01:48'),
(22, 'deserunt', 'Ipsa quae voluptas sit libero. Natus consectetur expedita accusamus omnis aliquid sint nam quia. Laudantium minima repellat labore et nobis labore enim.', 2078, 1, 19, '2019-01-14 04:01:48', '2019-01-14 04:01:48'),
(23, 'non', 'Perspiciatis facere qui sed est pariatur error. Saepe unde eveniet assumenda et voluptas rerum repudiandae. Qui harum eaque ex.', 2253, 9, 6, '2019-01-14 04:01:48', '2019-01-14 04:01:48'),
(24, 'et', 'Voluptatem tempore quae et vero. Ut magni voluptatibus excepturi culpa quia. Vel ad praesentium nesciunt quibusdam qui. Tempora ut quis assumenda id saepe corporis officia quas.', 1456, 0, 27, '2019-01-14 04:01:48', '2019-01-14 04:01:48'),
(25, 'tempora', 'Ut adipisci voluptatem laboriosam. Quia laudantium aliquid voluptas blanditiis omnis. Omnis dolorem dolores deserunt iste doloribus architecto. Quisquam et excepturi quas sit neque.', 581, 6, 15, '2019-01-14 04:01:48', '2019-01-14 04:01:48'),
(26, 'illum', 'Officiis harum repellat natus sequi natus necessitatibus sunt. Sed in ea qui deserunt nostrum mollitia necessitatibus. Ea distinctio qui quidem temporibus repudiandae.', 116, 0, 16, '2019-01-14 04:01:48', '2019-01-14 04:01:48'),
(27, 'nemo', 'Culpa debitis commodi est aut. Mollitia omnis alias est praesentium. Dolore et aut enim a saepe magnam ipsum quaerat.', 498, 1, 23, '2019-01-14 04:01:48', '2019-01-14 04:01:48'),
(28, 'similique', 'Laboriosam repudiandae minus minus in error assumenda tempore. Et ratione consequatur labore eos. Culpa pariatur qui facilis est adipisci modi non mollitia.', 1656, 9, 11, '2019-01-14 04:01:48', '2019-01-14 04:01:48'),
(29, 'sit', 'Quia consectetur odio suscipit ab ut et. Natus in nihil deserunt occaecati numquam in culpa. Voluptatibus aut deleniti ipsa quo facilis nesciunt velit. Sed animi et possimus sit aut iusto eos sed.', 452, 0, 20, '2019-01-14 04:01:48', '2019-01-14 04:01:48'),
(30, 'et', 'Consectetur accusamus aut est corrupti doloremque quo ut. Perferendis ea libero magni. Rerum quia illum nostrum. Dolorem vel aliquam et dolorem. Tempora accusantium voluptatem numquam veniam illum labore in.', 763, 3, 19, '2019-01-14 04:01:48', '2019-01-14 04:01:48'),
(31, 'tenetur', 'Libero facilis fugit quidem veritatis unde sunt. Sit voluptate sint qui neque. Non aut ea ea temporibus quaerat iste. Saepe accusamus error corrupti nihil nulla quidem. Optio nam odit accusamus.', 979, 7, 16, '2019-01-14 04:01:48', '2019-01-14 04:01:48'),
(32, 'ipsam', 'Dolor consectetur commodi aut blanditiis tempora vitae ullam assumenda. Qui sunt cumque qui. Aut dolor soluta quaerat eum dolor cumque. Culpa quaerat harum repellendus laborum aut cupiditate cum.', 915, 1, 15, '2019-01-14 04:01:48', '2019-01-14 04:01:48'),
(33, 'iusto', 'Praesentium dolorem illum ut sunt. Repellendus voluptas accusamus animi quas consequuntur fugiat. Ex dolores ut ullam.', 2069, 3, 9, '2019-01-14 04:01:48', '2019-01-14 04:01:48'),
(34, 'quae', 'Porro deserunt enim nobis pariatur occaecati ratione facere. Molestias autem rem quod sunt magnam officiis mollitia neque. Aut et aut ratione nesciunt dignissimos.', 660, 9, 26, '2019-01-14 04:01:48', '2019-01-14 04:01:48'),
(35, 'a', 'Earum velit iusto libero et fugiat. Ad eveniet in possimus excepturi voluptatem quibusdam ut eum. Eaque suscipit et dolor alias. Aut et dolorum ut officiis voluptate.', 763, 8, 7, '2019-01-14 04:01:48', '2019-01-14 04:01:48'),
(36, 'qui', 'Quae debitis sint deleniti et. Sunt quibusdam saepe hic quia recusandae. Minus ut et nisi quisquam eligendi animi. Neque aspernatur culpa et sed quae.', 1291, 9, 25, '2019-01-14 04:01:49', '2019-01-14 04:01:49'),
(37, 'quasi', 'Illum aliquid neque numquam est rerum illum exercitationem vero. Dolorem voluptate alias aliquam quia ea eum. Officia unde iusto deleniti facilis.', 1773, 6, 22, '2019-01-14 04:01:49', '2019-01-14 04:01:49'),
(38, 'commodi', 'Consequatur error voluptatibus et placeat. Accusantium alias dolorum et voluptatem. Voluptas aut numquam voluptate voluptatem ex qui.', 1740, 6, 22, '2019-01-14 04:01:49', '2019-01-14 04:01:49'),
(39, 'et', 'Aliquam rem et debitis quidem. Expedita dolorum atque possimus eaque. Omnis eligendi alias quis est necessitatibus eaque. Qui quas nesciunt tenetur repudiandae soluta fugiat.', 1825, 1, 15, '2019-01-14 04:01:49', '2019-01-14 04:01:49'),
(40, 'eveniet', 'Fugiat aut expedita dolore hic. Molestiae et facilis voluptate neque est. Sed tempora non est quae.', 2730, 1, 19, '2019-01-14 04:01:49', '2019-01-14 04:01:49'),
(41, 'veritatis', 'Molestias voluptatum maxime iste ipsum quis et. Culpa enim quibusdam doloremque fuga. Dolores vel quos labore fugiat libero. Hic in adipisci repudiandae non dolor.', 2321, 1, 23, '2019-01-14 04:01:49', '2019-01-14 04:01:49'),
(42, 'enim', 'Perferendis sunt iure fugiat voluptas quidem. Nobis in accusamus optio tenetur omnis numquam. Sint eveniet qui occaecati natus animi est. Sed quas illum sed repellat accusamus.', 2290, 0, 7, '2019-01-14 04:01:49', '2019-01-14 04:01:49'),
(43, 'voluptates', 'Dolor similique autem ea eveniet. Eum iste quia sint nisi iste velit. Fugiat repudiandae sed enim sapiente modi quos omnis.', 1872, 2, 15, '2019-01-14 04:01:49', '2019-01-14 04:01:49'),
(44, 'qui', 'Odit illum rerum eum temporibus. Quia unde dolorum quibusdam. Tempore earum officia magnam ut nihil. Quia dolorum illum est aut ut qui laborum.', 826, 5, 21, '2019-01-14 04:01:49', '2019-01-14 04:01:49'),
(45, 'dicta', 'Sit inventore ea alias veritatis. Fuga veniam quia voluptatum quo. Inventore aspernatur enim animi nihil. Libero rem nostrum ratione rerum perferendis natus.', 1596, 5, 4, '2019-01-14 04:01:49', '2019-01-14 04:01:49'),
(46, 'reiciendis', 'Et corrupti at repellat molestias ab unde. Quo odio amet praesentium dicta sunt et esse.', 2255, 0, 10, '2019-01-14 04:01:49', '2019-01-14 04:01:49'),
(47, 'voluptatibus', 'Rem nesciunt qui rerum aut tempore dolor et. Qui nostrum soluta pariatur nihil. Aliquam voluptas ab non excepturi occaecati consectetur.', 1375, 0, 6, '2019-01-14 04:01:49', '2019-01-14 04:01:49'),
(48, 'adipisci', 'Amet occaecati quis beatae. Blanditiis aut molestiae rerum voluptates porro fugiat voluptatum. Id eos repellat dolores fugiat laboriosam ut. Reprehenderit in eligendi impedit est.', 502, 8, 13, '2019-01-14 04:01:49', '2019-01-14 04:01:49'),
(49, 'voluptatem', 'Sit sint aliquam autem repellat numquam aspernatur. Iste odio nam et sed repudiandae sunt consequuntur. Repellat consequatur qui commodi consequatur laboriosam.', 893, 2, 5, '2019-01-14 04:01:49', '2019-01-14 04:01:49'),
(50, 'voluptatem', 'Dolorem aut minus tenetur velit at rerum. Maxime est mollitia quod doloribus sint. Praesentium maxime ut cupiditate dignissimos animi tempora dolores.', 2305, 5, 9, '2019-01-14 04:01:49', '2019-01-14 04:01:49'),
(51, 'suscipit', 'Recusandae iure voluptatum quisquam et rerum ipsum quo ducimus. Eos odio voluptatem enim consequatur ipsum corrupti. Quis minus quibusdam dolores deserunt ut. Sit nisi et maiores harum corrupti. Odit sit ex aut laudantium.', 1268, 8, 4, '2019-01-14 04:03:27', '2019-01-14 04:03:27'),
(52, 'nisi', 'Qui fugiat numquam eos nesciunt dolor aperiam. Doloremque et nemo qui voluptatem magnam aut. Labore facilis maxime aspernatur. Sunt molestiae et recusandae veritatis.', 2549, 0, 12, '2019-01-14 04:03:27', '2019-01-14 04:03:27'),
(53, 'nobis', 'Quo laudantium atque nihil cum ea illum unde nostrum. Illo non qui sed sed aspernatur vitae alias dolorum. Nisi sunt maxime dolor ut sunt corrupti.', 627, 7, 23, '2019-01-14 04:03:27', '2019-01-14 04:03:27'),
(54, 'porro', 'Quasi est soluta quia voluptatum. Dolorem molestiae provident nisi.', 1625, 2, 27, '2019-01-14 04:03:27', '2019-01-14 04:03:27'),
(55, 'incidunt', 'Quis rerum tempore et est numquam libero eum. Nostrum nam soluta et sed enim temporibus. Aut at aspernatur iste sint libero magnam est.', 1420, 9, 20, '2019-01-14 04:03:27', '2019-01-14 04:03:27'),
(56, 'molestias', 'Et adipisci expedita quis qui eius magni. Autem minus error sed impedit voluptatem. Soluta repudiandae cum quos voluptate voluptas eligendi qui.', 2755, 1, 14, '2019-01-14 04:03:27', '2019-01-14 04:03:27'),
(57, 'neque', 'Iste sit error dolorem voluptatem quis qui quae. Suscipit magni neque beatae ipsam porro similique eum. Occaecati deserunt quos recusandae occaecati at. Aut rerum nulla qui deserunt.', 887, 1, 23, '2019-01-14 04:03:27', '2019-01-14 04:03:27'),
(58, 'consequatur', 'Et rerum sint officiis quia praesentium vel et. Id enim placeat corrupti ex. A esse est eius eius saepe rerum. Ut distinctio vel nobis atque nostrum.', 577, 3, 7, '2019-01-14 04:03:27', '2019-01-14 04:03:27'),
(59, 'temporibus', 'Facilis voluptatem voluptatem rerum amet eum consequuntur. Ut laborum qui rerum eos laborum. Reiciendis in ullam deleniti dolor. Omnis iure ex dignissimos voluptatem rerum praesentium optio. Officia aut ea vero et similique.', 1099, 8, 5, '2019-01-14 04:03:28', '2019-01-14 04:03:28'),
(60, 'sint', 'Velit reiciendis ut aut corporis dolorem. Vitae totam beatae neque aliquam. Aut voluptatum ipsam quia sint incidunt quis. Ipsum dolor autem voluptatem sed eligendi voluptates.', 2644, 7, 11, '2019-01-14 04:03:28', '2019-01-14 04:03:28'),
(61, 'ea', 'Dolores ea saepe illum. Itaque recusandae sequi fuga sit nihil. Rerum eos ab animi deleniti. Ea mollitia voluptas odio repudiandae a qui vitae ullam.', 2577, 5, 15, '2019-01-14 04:03:28', '2019-01-14 04:03:28'),
(62, 'repellat', 'Eligendi architecto ullam eos. Qui fuga qui assumenda eum aut. In exercitationem nostrum reprehenderit in ea.', 2853, 4, 23, '2019-01-14 04:03:28', '2019-01-14 04:03:28'),
(63, 'et', 'Optio aliquid nostrum ut minus eligendi molestiae. Iure alias quia cum eaque et dolorem. Architecto et pariatur recusandae voluptatum est. Expedita exercitationem unde ea.', 2406, 1, 26, '2019-01-14 04:03:28', '2019-01-14 04:03:28'),
(64, 'pariatur', 'Dolorem accusantium asperiores ad et adipisci. Quia aut dolores corrupti est excepturi incidunt occaecati. Rerum voluptatem voluptas vel.', 1455, 9, 20, '2019-01-14 04:03:28', '2019-01-14 04:03:28'),
(65, 'aut', 'Enim ducimus rem at hic in unde qui. Facilis et aspernatur a nihil et ab et ipsum. Ratione omnis eos qui modi labore accusantium nihil. Facere quia quo libero eos quia qui architecto.', 1912, 2, 29, '2019-01-14 04:03:28', '2019-01-14 04:03:28'),
(66, 'nihil', 'Omnis fugiat fugit voluptatem eos est molestiae. Tenetur sint voluptate sunt aliquam perferendis. Facilis voluptate vitae nisi quam est labore.', 1082, 2, 25, '2019-01-14 04:03:28', '2019-01-14 04:03:28'),
(67, 'aliquam', 'Rem iusto et sunt modi expedita consequatur. Ut magnam aut voluptatem omnis minima consequatur. Aut fugit omnis voluptas sed minus repudiandae id esse.', 1176, 6, 16, '2019-01-14 04:03:28', '2019-01-14 04:03:28'),
(68, 'voluptatibus', 'Quaerat maiores nulla quis ut quis provident dolore id. Sequi nobis tempore qui provident repellat qui. Vel molestiae ex nesciunt corrupti accusantium minima qui.', 1675, 4, 17, '2019-01-14 04:03:29', '2019-01-14 04:03:29'),
(69, 'aut', 'Illo illum possimus sint quae quo voluptatem et in. Odit veniam ab et non illo nulla. Ut nihil quasi veritatis tempora praesentium.', 1392, 0, 21, '2019-01-14 04:03:29', '2019-01-14 04:03:29'),
(70, 'ut', 'Sed officia distinctio mollitia sed aut harum sequi. Sunt distinctio quis facilis velit aut incidunt perspiciatis sed. Qui dolor ad eaque iste nemo. Et quae suscipit reiciendis aut ut et sunt.', 2477, 9, 2, '2019-01-14 04:03:29', '2019-01-14 04:03:29'),
(71, 'nobis', 'Iure nihil vel et maxime labore enim quis rem. Deserunt aliquam et dolores assumenda illo omnis. Quo est cupiditate consectetur quis. Voluptates vitae delectus officia commodi vero unde eum. Dicta inventore perferendis quis libero.', 1531, 8, 30, '2019-01-14 04:03:29', '2019-01-14 04:03:29'),
(72, 'reiciendis', 'Voluptatem excepturi aut omnis consequatur. Ducimus in est qui eum enim ex expedita inventore.', 1058, 5, 4, '2019-01-14 04:03:29', '2019-01-14 04:03:29'),
(73, 'eveniet', 'Voluptas non quas enim eligendi non cupiditate. Hic voluptas consequuntur dolor a sed fugiat. Ea est quas perspiciatis libero quo quia.', 2867, 7, 5, '2019-01-14 04:03:29', '2019-01-14 04:03:29'),
(74, 'quod', 'Necessitatibus perferendis ut velit expedita. Quas id officia sed non dicta nam. Veniam soluta vero eum rem nobis.', 1576, 8, 28, '2019-01-14 04:03:29', '2019-01-14 04:03:29'),
(75, 'ad', 'Cumque similique labore temporibus optio. Omnis a sint totam tempore aut dolore fuga. Optio quibusdam veritatis porro error autem quaerat. Autem quae eum doloremque esse eum tempore voluptatem.', 1774, 7, 17, '2019-01-14 04:03:29', '2019-01-14 04:03:29'),
(76, 'voluptas', 'Natus asperiores dolores quia aut rerum dolores id. Ipsa assumenda cumque quo aut.', 194, 3, 28, '2019-01-14 04:03:29', '2019-01-14 04:03:29'),
(77, 'repellat', 'Aut tenetur est corporis praesentium aut qui. Et consequatur unde at et et ipsa. Sed ad hic sequi sunt aut quia quam. Dolorem qui error reiciendis aut modi voluptatibus.', 2814, 0, 26, '2019-01-14 04:03:29', '2019-01-14 04:03:29'),
(78, 'a', 'Illum aut voluptatem molestias unde libero. Iste esse sint voluptas sed. Nobis ea magni maiores. Expedita asperiores sed architecto ut.', 2065, 8, 26, '2019-01-14 04:03:29', '2019-01-14 04:03:29'),
(79, 'eos', 'Aliquid animi aliquid doloremque ipsam. Provident est id voluptatum enim adipisci. Repellendus vel qui est.', 1387, 0, 14, '2019-01-14 04:03:29', '2019-01-14 04:03:29'),
(80, 'et', 'Consequatur eum dolorem dolorem corrupti minima. Dolore quaerat aliquam et qui nihil itaque. Sint iste magni provident nihil ducimus. Ullam odio asperiores sit delectus molestiae totam qui.', 739, 9, 10, '2019-01-14 04:03:29', '2019-01-14 04:03:29'),
(81, 'facere', 'Qui dicta tempora velit voluptatem in dolor. Hic nam quam minus beatae. Illo adipisci aperiam ex in aperiam accusamus voluptatem. Dolorem cum iure eos minus porro laborum eum.', 1461, 7, 23, '2019-01-14 04:03:29', '2019-01-14 04:03:29'),
(82, 'ipsa', 'Exercitationem debitis quasi rem enim cum. Enim qui nesciunt iusto est inventore sint a ducimus. Dolore omnis cumque sequi rerum.', 537, 5, 16, '2019-01-14 04:03:29', '2019-01-14 04:03:29'),
(83, 'itaque', 'Est voluptatem consequatur sit nihil et rerum aut officia. Cum nulla quidem itaque quis. Id magnam quia deleniti. Qui ea delectus a rerum adipisci autem at ut.', 111, 6, 3, '2019-01-14 04:03:30', '2019-01-14 04:03:30'),
(84, 'voluptatem', 'Sapiente ut facere laudantium aut. Commodi aut deserunt facere eligendi dolorem. Laboriosam atque tempore non corporis.', 2229, 7, 15, '2019-01-14 04:03:30', '2019-01-14 04:03:30'),
(85, 'enim', 'Temporibus autem voluptatem pariatur libero autem. Atque reiciendis aut et voluptas. Voluptatibus facere sunt sint mollitia. Suscipit necessitatibus autem non unde.', 1114, 0, 16, '2019-01-14 04:03:30', '2019-01-14 04:03:30'),
(86, 'hic', 'Qui totam deleniti iure dolorem. Sit fugit nisi sunt officiis doloribus. Ut assumenda occaecati ut autem optio ut. Quod deleniti doloribus fugiat voluptatibus ad.', 199, 6, 26, '2019-01-14 04:03:30', '2019-01-14 04:03:30'),
(87, 'reiciendis', 'Voluptatem dolore non vel illo temporibus qui quod. Omnis quasi qui et officiis rem. Consequatur sunt dolore soluta dolore omnis. Cupiditate dolorum pariatur consequatur. In iste non deserunt esse commodi molestias.', 2816, 1, 18, '2019-01-14 04:03:30', '2019-01-14 04:03:30'),
(88, 'sed', 'Est tempora quo aut deleniti tempora expedita tenetur. Dicta quod perferendis sunt eaque magnam aliquid. Animi id repellendus molestiae nulla ab.', 961, 9, 5, '2019-01-14 04:03:30', '2019-01-14 04:03:30'),
(89, 'voluptate', 'Dolorem delectus voluptates beatae est asperiores incidunt. Qui ipsam autem possimus harum nam quam soluta. Unde quia dolorum esse quas modi molestias. Ut ratione qui fuga minima molestiae blanditiis reprehenderit. Accusamus provident aliquid eum quo cupiditate assumenda ullam.', 1995, 5, 2, '2019-01-14 04:03:30', '2019-01-14 04:03:30'),
(90, 'beatae', 'Sunt autem fuga consequatur aut. Dolorum asperiores quia magnam aut dolor sed. Sequi excepturi minus voluptatem nam.', 1878, 9, 22, '2019-01-14 04:03:30', '2019-01-14 04:03:30'),
(91, 'et', 'Quos et nam maiores et. Distinctio quasi dolor voluptas quia. Totam enim enim sit sunt.', 275, 2, 4, '2019-01-14 04:03:30', '2019-01-14 04:03:30'),
(92, 'ab', 'Iure soluta tempore ab deleniti dolores. Sed omnis corporis consequatur qui est iste. Ipsum veniam officia doloremque quia quas quia.', 2445, 3, 3, '2019-01-14 04:03:30', '2019-01-14 04:03:30'),
(93, 'quia', 'Modi aut laborum sint reprehenderit magnam. Et quibusdam consequatur aut similique aperiam voluptatem dolores. Ut voluptatem distinctio eligendi id quia natus.', 800, 3, 26, '2019-01-14 04:03:30', '2019-01-14 04:03:30'),
(94, 'sequi', 'Nam nihil quibusdam velit doloremque quisquam id unde. Quidem beatae maxime qui nesciunt eos tempore. Et qui error ut dolores. Similique harum molestiae neque laborum accusamus rerum et est.', 666, 4, 7, '2019-01-14 04:03:30', '2019-01-14 04:03:30'),
(95, 'sit', 'Iure eos necessitatibus quisquam harum qui. Autem adipisci quis placeat. Ab veritatis ea laborum ratione ipsa enim explicabo. Magni similique eaque tempora ad.', 2485, 2, 29, '2019-01-14 04:03:30', '2019-01-14 04:03:30'),
(96, 'porro', 'Eligendi vel temporibus quod sit in tempora atque aspernatur. Dolorem perspiciatis dolor aspernatur. Sequi commodi ipsum sit omnis. Molestias similique quisquam consequatur aut magnam ut voluptate.', 375, 6, 22, '2019-01-14 04:03:31', '2019-01-14 04:03:31'),
(97, 'magni', 'Et atque et eum asperiores et. Quis qui magni iure dolorem officia quis facere. Recusandae autem ut quos est omnis sapiente voluptatum neque.', 609, 8, 15, '2019-01-14 04:03:31', '2019-01-14 04:03:31'),
(98, 'necessitatibus', 'Aut quia exercitationem ea sed qui. Sed quaerat autem praesentium fugiat est illum voluptas. Vel molestiae velit distinctio esse ea est.', 684, 3, 23, '2019-01-14 04:03:31', '2019-01-14 04:03:31'),
(99, 'voluptatibus', 'Corporis enim aut ut cumque eaque laboriosam error. Aut doloribus dolor nisi et eligendi hic numquam quisquam. Voluptatem non labore modi omnis minus sequi enim id. Dignissimos ut officia qui.', 963, 8, 29, '2019-01-14 04:03:31', '2019-01-14 04:03:31'),
(100, 'et', 'Unde iusto distinctio mollitia et qui eum consequuntur. Numquam voluptas hic qui mollitia aliquid rerum aut. Animi facere minima voluptatibus similique at et assumenda sunt. Tenetur molestiae maiores aut.', 837, 4, 3, '2019-01-14 04:03:31', '2019-01-14 04:03:31');

-- --------------------------------------------------------

--
-- Table structure for table `reviews`
--

CREATE TABLE `reviews` (
  `id` int(10) UNSIGNED NOT NULL,
  `product_id` int(10) UNSIGNED NOT NULL,
  `customer` varchar(191) COLLATE utf8mb4_unicode_ci NOT NULL,
  `review` text COLLATE utf8mb4_unicode_ci NOT NULL,
  `star` int(11) NOT NULL,
  `created_at` timestamp NULL DEFAULT NULL,
  `updated_at` timestamp NULL DEFAULT NULL
) ENGINE=InnoDB DEFAULT CHARSET=utf8mb4 COLLATE=utf8mb4_unicode_ci;

--
-- Dumping data for table `reviews`
--

INSERT INTO `reviews` (`id`, `product_id`, `customer`, `review`, `star`, `created_at`, `updated_at`) VALUES
(1, 85, 'Prof. Austen Hoppe I', 'Culpa et ut iusto sed maiores molestiae omnis. Sunt ea aliquam enim. Quas vitae error vel est nulla quo ducimus.', 5, '2019-01-14 04:03:33', '2019-01-14 04:03:33'),
(2, 52, 'Mary Schuppe', 'Aut nihil iure pariatur non quas aut. Repudiandae nam temporibus est sunt voluptatem repudiandae magni. Excepturi voluptatum qui beatae laudantium aliquid dolorem blanditiis molestiae. Ut reprehenderit omnis harum inventore. Esse qui eligendi nihil aliquid.', 1, '2019-01-14 04:03:33', '2019-01-14 04:03:33'),
(3, 12, 'Arthur Moen', 'Magni voluptatem consequatur ea quos libero qui. Et est praesentium et aperiam. Vero enim necessitatibus beatae molestias omnis facilis repellat.', 1, '2019-01-14 04:03:34', '2019-01-14 04:03:34'),
(4, 39, 'Mr. Oliver Smitham', 'Fugit eius pariatur nostrum eveniet hic nihil at alias. Vel aliquid voluptatum possimus nihil ut ut doloremque. Laborum sit sunt aut cupiditate rerum ducimus.', 0, '2019-01-14 04:03:34', '2019-01-14 04:03:34'),
(5, 63, 'Doris Pfannerstill', 'Cumque esse sed iure reiciendis dolor facilis. Exercitationem sint qui ipsum doloremque odio. Laboriosam quaerat quidem nesciunt asperiores. Quis odit eveniet est consequuntur autem incidunt consequuntur facilis.', 3, '2019-01-14 04:03:34', '2019-01-14 04:03:34'),
(6, 32, 'Miss Charity Labadie', 'Perferendis corrupti sit est. Omnis delectus culpa et officiis asperiores illum nesciunt necessitatibus. Doloribus sed quas aspernatur voluptas. Placeat reiciendis earum voluptatem voluptates sit voluptates.', 3, '2019-01-14 04:03:34', '2019-01-14 04:03:34'),
(7, 80, 'Mr. Christop Gorczany', 'Est provident temporibus id rerum. Omnis dolore perspiciatis ea ut eos impedit iure.', 0, '2019-01-14 04:03:34', '2019-01-14 04:03:34'),
(8, 10, 'Mr. Sammie Quigley', 'Veniam exercitationem sunt praesentium sit ad ut corporis est. Tempore ut assumenda voluptate sunt voluptas. Reprehenderit distinctio sint aut consequatur. Minus voluptas vitae molestiae perspiciatis et delectus ratione.', 2, '2019-01-14 04:03:34', '2019-01-14 04:03:34'),
(9, 43, 'Layla Boyle', 'Rerum sunt odio sit. Voluptatibus quia enim corrupti atque. Vero ut pariatur a vitae.', 5, '2019-01-14 04:03:34', '2019-01-14 04:03:34'),
(10, 53, 'Tracey Ebert', 'Repudiandae voluptas magni magni numquam et vero rerum. Molestiae nihil fugiat iste dolores accusantium. Id rem qui temporibus blanditiis. Nulla maxime accusamus amet quae. Recusandae incidunt unde commodi.', 3, '2019-01-14 04:03:34', '2019-01-14 04:03:34'),
(11, 86, 'Alfredo Lemke IV', 'Ex suscipit id enim doloribus qui. Esse eum neque dolores qui. Voluptatem tempora tempora ut aut distinctio repudiandae non.', 5, '2019-01-14 04:03:34', '2019-01-14 04:03:34'),
(12, 48, 'Otto Glover', 'Explicabo labore quibusdam facere iste. Explicabo sequi labore sed consequatur maxime. Delectus enim est consequatur minus debitis.', 4, '2019-01-14 04:03:34', '2019-01-14 04:03:34'),
(13, 44, 'Levi Predovic', 'Assumenda eius occaecati a aperiam. Aut fugiat aut perferendis quis. Voluptate sunt sed sapiente quidem. Doloremque eum dolores consequatur asperiores voluptas tenetur reprehenderit.', 2, '2019-01-14 04:03:34', '2019-01-14 04:03:34'),
(14, 16, 'Mr. Kristoffer Schiller', 'Minima quia consequuntur sapiente earum ipsa. Quos id harum aut deleniti quidem saepe. Quia beatae facilis nostrum in. Aliquid veniam et reiciendis consectetur quia et non.', 0, '2019-01-14 04:03:34', '2019-01-14 04:03:34'),
(15, 84, 'Hoyt Reinger PhD', 'Illo sed sunt nihil ut rem ex. Optio eligendi officia et sed rerum nobis esse omnis. Porro repudiandae sunt et eaque deleniti praesentium. Commodi maiores laborum nesciunt qui molestiae.', 2, '2019-01-14 04:03:34', '2019-01-14 04:03:34'),
(16, 48, 'Christine Ledner DDS', 'Voluptatem iste esse vel fuga distinctio nisi. Molestiae sapiente tempore vero quis quidem ut fugiat. Sapiente illo non quia aut amet et itaque eaque. Eligendi tempora et atque inventore ad. Iure est accusamus placeat et voluptatem.', 4, '2019-01-14 04:03:34', '2019-01-14 04:03:34'),
(17, 77, 'Leann Hudson', 'Consequuntur quia iusto officiis quam explicabo assumenda. Pariatur vel ad iure vel id a pariatur. Porro sit facilis rerum tenetur natus.', 5, '2019-01-14 04:03:34', '2019-01-14 04:03:34'),
(18, 99, 'Susana White', 'Ratione ut id rerum dicta. Ducimus ducimus et ullam autem rerum laborum. Aut et hic quam. Molestiae et blanditiis sapiente ab. Enim dicta unde est labore voluptatum.', 1, '2019-01-14 04:03:34', '2019-01-14 04:03:34'),
(19, 50, 'Jarret Weber', 'Quo sunt eaque dolores ea. Minus soluta aut deleniti aut nisi facere. Dolor aliquid et error consequatur cum blanditiis. Dolor voluptas repudiandae repudiandae omnis quas omnis esse.', 4, '2019-01-14 04:03:34', '2019-01-14 04:03:34'),
(20, 17, 'Ardith Lesch', 'Sunt dicta exercitationem tempora quasi ut. Rerum expedita autem possimus. Sed nostrum quos labore et voluptas.', 0, '2019-01-14 04:03:35', '2019-01-14 04:03:35'),
(21, 23, 'Dr. Einar Pacocha III', 'Molestiae officia dignissimos dolor tempore ut minima. Deserunt quidem libero vel quisquam dolore recusandae. Et qui vitae quis distinctio saepe ut laboriosam. Ut unde consequatur ipsam deleniti. Ut fugit ut id harum.', 0, '2019-01-14 04:03:35', '2019-01-14 04:03:35'),
(22, 100, 'Jazmin Renner', 'Corrupti impedit commodi non perferendis. Autem ut harum nostrum quia ea id possimus. Et eveniet neque aperiam et. Sunt autem similique voluptatem aperiam tenetur.', 1, '2019-01-14 04:03:35', '2019-01-14 04:03:35'),
(23, 32, 'Dr. Elfrieda Koss I', 'Omnis quae aspernatur eligendi maxime reiciendis. Totam aut molestiae aliquam harum. Quis molestiae excepturi eum modi sit ab et. Rerum et ullam et reprehenderit voluptatum dolorem ut.', 2, '2019-01-14 04:03:35', '2019-01-14 04:03:35'),
(24, 85, 'Lauretta Weber', 'Ullam aspernatur animi dolores harum nemo. Officia aut ut nobis corrupti et officiis enim. Cum nihil cumque omnis nisi voluptatem. Eligendi eligendi et non ratione.', 1, '2019-01-14 04:03:35', '2019-01-14 04:03:35'),
(25, 80, 'Dr. Leone Simonis', 'Et quidem optio dolore voluptas reiciendis. Neque aliquam suscipit qui perspiciatis optio accusantium aut. Quo esse officiis excepturi ut voluptatibus reiciendis. Dolor ipsum est explicabo id velit rem dolorem.', 5, '2019-01-14 04:03:35', '2019-01-14 04:03:35'),
(26, 16, 'Isaiah Hermann I', 'Quam enim et animi id rerum consequatur molestiae. Occaecati mollitia perferendis incidunt optio a eveniet saepe. Deleniti sit placeat excepturi reiciendis quas. Dignissimos animi aut ducimus quisquam.', 3, '2019-01-14 04:03:35', '2019-01-14 04:03:35'),
(27, 87, 'Ashley Streich', 'Eius expedita asperiores fugiat beatae quis cumque. Et nemo cum voluptas voluptas. Error rerum libero pariatur quia voluptas et.', 4, '2019-01-14 04:03:35', '2019-01-14 04:03:35'),
(28, 26, 'Miss Alice Little DDS', 'Ipsam nam dolorum minus velit itaque. Aut culpa quia ea quibusdam culpa aliquam unde repudiandae. Ratione possimus excepturi temporibus maxime cumque. Impedit amet ducimus magnam impedit sit.', 2, '2019-01-14 04:03:35', '2019-01-14 04:03:35'),
(29, 63, 'Prof. Kayley Goyette MD', 'Autem dolor a et ex illum veritatis. Mollitia sunt est ut et omnis voluptas. Quas cumque id facilis.', 4, '2019-01-14 04:03:35', '2019-01-14 04:03:35'),
(30, 28, 'Ms. Fanny Balistreri IV', 'Asperiores perspiciatis hic velit ab. Voluptatibus aut iusto voluptatem ipsa dolores. Accusamus pariatur rerum in deleniti in maiores. Quia ad eveniet sit numquam sequi sapiente natus. Minima consequatur aut enim ut sint ut aut.', 5, '2019-01-14 04:03:35', '2019-01-14 04:03:35'),
(31, 2, 'Mr. David Grimes III', 'Laudantium aliquam quidem suscipit est et. Voluptate aut dolores qui debitis sed repellat vel. Quos quos et ratione ut quae delectus officiis.', 4, '2019-01-14 04:03:35', '2019-01-14 04:03:35'),
(32, 27, 'Kaitlin Smitham', 'Quo et molestiae voluptatibus vero deserunt est id. Ratione ut ad laboriosam quia. Ullam perspiciatis voluptas reprehenderit voluptas praesentium.', 2, '2019-01-14 04:03:35', '2019-01-14 04:03:35'),
(33, 77, 'Eleanora Nitzsche DVM', 'Placeat optio earum consequuntur quasi sed. Occaecati alias odio aliquid nostrum voluptatem nulla aut.', 4, '2019-01-14 04:03:35', '2019-01-14 04:03:35'),
(34, 55, 'Prof. Raoul Fisher', 'Qui nisi ipsa delectus nihil autem consequatur est atque. Voluptatem quia sed non pariatur at similique officiis provident. Expedita quos rem voluptate harum dolorem provident distinctio. Adipisci exercitationem non aspernatur quisquam sit.', 5, '2019-01-14 04:03:35', '2019-01-14 04:03:35'),
(35, 62, 'Neil Rogahn', 'Debitis laboriosam dolore laborum. Cum id laudantium suscipit recusandae aut. Ullam quis voluptates incidunt error.', 3, '2019-01-14 04:03:35', '2019-01-14 04:03:35'),
(36, 31, 'Pansy Witting', 'Molestiae sit nihil molestiae ab. Facilis eveniet accusamus commodi alias. Consequuntur est magni qui ad consequatur sequi officiis. Quo fugit provident ipsam consequatur sit et corrupti aliquid.', 3, '2019-01-14 04:03:35', '2019-01-14 04:03:35'),
(37, 77, 'Vergie Lindgren', 'Praesentium et provident sint non quo quos. Veniam quasi quisquam dolores doloribus sunt non. Exercitationem iure consequatur quidem illum corrupti. Et odit temporibus quam sed.', 1, '2019-01-14 04:03:35', '2019-01-14 04:03:35'),
(38, 13, 'Dr. Melissa Wiegand Sr.', 'Assumenda eos et adipisci minima. Suscipit et nulla laudantium vero.', 1, '2019-01-14 04:03:35', '2019-01-14 04:03:35'),
(39, 82, 'Mr. Jeffry Johnson Sr.', 'Sed iste labore ex rerum ut. Corrupti soluta ut voluptates quos enim.', 3, '2019-01-14 04:03:35', '2019-01-14 04:03:35'),
(40, 69, 'Llewellyn DuBuque', 'Nisi quas omnis ab. Aut velit earum voluptatem quia molestiae. Quo est ut et natus veniam ut dolores.', 5, '2019-01-14 04:03:35', '2019-01-14 04:03:35'),
(41, 21, 'Prof. Lynn Bailey PhD', 'Unde quisquam a fuga nihil. Et vero deserunt porro sunt maxime sed. Sed recusandae cumque repudiandae laborum ad omnis saepe. Perspiciatis perferendis quas ad voluptatum harum exercitationem.', 5, '2019-01-14 04:03:35', '2019-01-14 04:03:35'),
(42, 75, 'Mabelle Veum', 'Rerum illo voluptatum recusandae consequatur molestiae quo mollitia. Voluptatibus debitis ut consequatur voluptatibus sunt laborum unde.', 1, '2019-01-14 04:03:36', '2019-01-14 04:03:36'),
(43, 17, 'Nannie Kilback', 'Nam assumenda amet atque quae dolores. Tempore ab rerum iste. Magnam ea veritatis ipsum et voluptate totam nostrum.', 0, '2019-01-14 04:03:36', '2019-01-14 04:03:36'),
(44, 82, 'Miss Ottilie Weber DVM', 'Modi ut rerum beatae sed ullam. Corrupti corporis eaque reiciendis omnis et consequatur quos.', 5, '2019-01-14 04:03:36', '2019-01-14 04:03:36'),
(45, 49, 'Miss Violette Mills', 'Asperiores rerum facilis vel. Accusantium voluptas sunt cupiditate excepturi nulla magni ut. Eum voluptate possimus omnis est iste.', 1, '2019-01-14 04:03:36', '2019-01-14 04:03:36'),
(46, 93, 'Allan Reinger', 'Dolore quibusdam ullam et non omnis. Qui pariatur ipsam et quae voluptatem sunt quibusdam. Placeat sed est aut molestiae et. Sed nihil et dicta earum animi. Delectus non labore beatae magnam enim maxime.', 3, '2019-01-14 04:03:36', '2019-01-14 04:03:36'),
(47, 66, 'Baylee Bradtke', 'Quas nesciunt inventore excepturi maxime. Ullam rerum neque tempore in deleniti. Officiis officia laboriosam quia consequatur quia.', 5, '2019-01-14 04:03:36', '2019-01-14 04:03:36'),
(48, 40, 'Foster Muller MD', 'Eaque architecto adipisci consequatur architecto dolor. Ratione libero et non voluptates totam praesentium id. Eveniet veniam vitae ut dignissimos.', 4, '2019-01-14 04:03:36', '2019-01-14 04:03:36'),
(49, 50, 'Dr. Asia Rippin', 'Aspernatur recusandae fuga aut eligendi voluptatem eum. Reprehenderit sit quam possimus esse delectus. Nihil magni qui iusto non quisquam laborum iusto. Ut minima explicabo ut sed dolores cum saepe est.', 2, '2019-01-14 04:03:36', '2019-01-14 04:03:36'),
(50, 51, 'Joe Cummings Sr.', 'Consectetur nisi animi ea neque distinctio et. Ipsam vel quae sed incidunt. Reiciendis adipisci tenetur impedit voluptatem enim deserunt hic.', 4, '2019-01-14 04:03:36', '2019-01-14 04:03:36'),
(51, 63, 'Haleigh Ankunding V', 'Nemo molestiae adipisci repudiandae voluptas error eius. Aperiam non ut enim nisi. Maiores incidunt voluptatem facilis aut.', 1, '2019-01-14 04:03:36', '2019-01-14 04:03:36'),
(52, 43, 'Alejandra Kuhic', 'Sed omnis incidunt in provident maxime quidem. Ab placeat voluptates mollitia neque voluptas qui. Voluptas natus ea consequatur ipsa optio illo odio. Itaque inventore vel atque laborum autem qui nihil autem.', 4, '2019-01-14 04:03:36', '2019-01-14 04:03:36'),
(53, 98, 'Bradford Rau', 'Occaecati facilis natus autem quia maxime. Occaecati quas doloribus culpa sit. Aut aspernatur voluptas illum.', 1, '2019-01-14 04:03:36', '2019-01-14 04:03:36'),
(54, 12, 'Isabelle Haley PhD', 'Itaque quod vel rerum sapiente. Dolores architecto autem quas accusantium. Perspiciatis tenetur dolorum iste aspernatur.', 2, '2019-01-14 04:03:36', '2019-01-14 04:03:36'),
(55, 43, 'Sonya Hill', 'Nemo excepturi est non consectetur omnis. Et dolorum ut ex saepe aut. Quaerat id non nesciunt corporis. Labore dolores et rem eius voluptatum aperiam id.', 5, '2019-01-14 04:03:36', '2019-01-14 04:03:36'),
(56, 20, 'Lempi Bode', 'Repudiandae omnis itaque quibusdam autem. Magni voluptatem suscipit non corrupti laboriosam. Quo vero perferendis suscipit incidunt pariatur.', 4, '2019-01-14 04:03:36', '2019-01-14 04:03:36'),
(57, 10, 'Lily Durgan', 'Repudiandae incidunt eum quibusdam. Aliquam beatae ducimus et voluptatum iusto et vel. Et asperiores rem iste.', 0, '2019-01-14 04:03:36', '2019-01-14 04:03:36'),
(58, 91, 'Murl Breitenberg', 'Asperiores sed et culpa laudantium corporis nobis deleniti. Ut sed est esse consequatur eum architecto ut. Sunt nobis nihil itaque sint voluptate sunt cum.', 2, '2019-01-14 04:03:36', '2019-01-14 04:03:36'),
(59, 6, 'Kiera Batz', 'Qui quis similique asperiores voluptatem. Aut eius sint et nemo eos facilis at. Iure et est omnis maxime cumque cum veniam.', 2, '2019-01-14 04:03:36', '2019-01-14 04:03:36'),
(60, 17, 'Darwin Daniel', 'Eius ex corporis rem et quaerat vero magnam. Possimus sint pariatur delectus sit. Et voluptates necessitatibus sed et quo autem. Et rerum accusamus distinctio nam minus consequatur.', 2, '2019-01-14 04:03:36', '2019-01-14 04:03:36'),
(61, 70, 'Mrs. Robyn Crona', 'Officiis sint alias enim dolorem consequatur. Ea doloribus esse rem esse. Ut atque nihil consequatur doloribus non. Et iste illo dolores sit facilis.', 3, '2019-01-14 04:03:36', '2019-01-14 04:03:36'),
(62, 73, 'Pearl Pfannerstill', 'Qui et libero voluptate modi id. Alias sed velit est consectetur nisi fugiat hic. Enim ullam excepturi eius. Possimus et quaerat repudiandae consequatur earum.', 0, '2019-01-14 04:03:36', '2019-01-14 04:03:36'),
(63, 49, 'Prof. Melyssa Paucek PhD', 'Minus nostrum ut consequatur animi rerum. Vel totam libero pariatur cupiditate ut. Doloribus et et ea et asperiores ea qui. Voluptatem molestiae eligendi omnis sit aut voluptas.', 3, '2019-01-14 04:03:36', '2019-01-14 04:03:36'),
(64, 69, 'Karine Quigley', 'Enim numquam dolores modi soluta molestias totam. Rerum vero quo rerum. Praesentium sit iure in libero suscipit.', 5, '2019-01-14 04:03:36', '2019-01-14 04:03:36'),
(65, 32, 'Mr. Gus Purdy I', 'Numquam recusandae nobis ipsa ex molestiae eum. Aut natus rerum eos magni iste animi. Numquam eveniet excepturi voluptate hic et voluptates reprehenderit.', 3, '2019-01-14 04:03:36', '2019-01-14 04:03:36'),
(66, 46, 'Adonis Pfannerstill', 'Laborum occaecati veniam ut accusamus nesciunt quos totam. Id aliquam eius quidem sapiente. Repellat consequatur rerum voluptatem eligendi. Inventore et cum deserunt consectetur rerum iure autem et.', 5, '2019-01-14 04:03:36', '2019-01-14 04:03:36'),
(67, 61, 'Tyshawn Oberbrunner DVM', 'Aut eligendi numquam nostrum dolores aut voluptatem officia. Neque et sed consectetur sint perspiciatis deleniti. Consectetur nam ullam porro rerum possimus.', 5, '2019-01-14 04:03:37', '2019-01-14 04:03:37'),
(68, 95, 'Delores Bahringer', 'Quis eos neque odio reiciendis mollitia ut quo. Rerum sit et amet consectetur id.', 3, '2019-01-14 04:03:37', '2019-01-14 04:03:37'),
(69, 1, 'Marguerite Hettinger', 'Necessitatibus nobis alias quia et. Sint est quia occaecati magni ipsum. Nulla explicabo tenetur vero et voluptas tempore.', 5, '2019-01-14 04:03:37', '2019-01-14 04:03:37'),
(70, 63, 'Mia Dietrich', 'Est vel aut ullam voluptate distinctio voluptatem. Modi necessitatibus facere eum quo dolores eveniet. Totam quisquam excepturi modi adipisci asperiores sit praesentium. Nihil optio sed et numquam nam rerum beatae.', 3, '2019-01-14 04:03:37', '2019-01-14 04:03:37'),
(71, 18, 'Mr. Valentin Hoeger', 'Et alias repellendus aut reiciendis. Fuga laboriosam autem omnis debitis. Porro voluptatem eum est sit. Deserunt nesciunt et corrupti et nemo ullam ratione.', 1, '2019-01-14 04:03:37', '2019-01-14 04:03:37'),
(72, 83, 'Johanna Ritchie', 'Et odit nesciunt in quibusdam numquam excepturi ut hic. Nisi alias sint id. Eaque vel blanditiis recusandae quis quia.', 3, '2019-01-14 04:03:37', '2019-01-14 04:03:37'),
(73, 52, 'Ms. Annie Collins V', 'Possimus et nesciunt molestiae cupiditate alias. Neque ut eaque eos nesciunt illo doloremque quibusdam. Consequatur voluptatem velit ut sit non fugit. Consectetur quas hic error omnis.', 5, '2019-01-14 04:03:37', '2019-01-14 04:03:37'),
(74, 37, 'Jadon Luettgen IV', 'Ut quod aliquid animi et saepe incidunt sed esse. Atque sunt ut veritatis. Est non perferendis qui qui ab.', 1, '2019-01-14 04:03:37', '2019-01-14 04:03:37'),
(75, 39, 'Sage Cassin MD', 'Porro excepturi autem eius voluptatem quos quod. Vel natus qui enim voluptatibus. Quia sed sapiente est ut.', 4, '2019-01-14 04:03:37', '2019-01-14 04:03:37'),
(76, 11, 'Dale Weimann II', 'Temporibus consectetur est est maxime nemo cumque. Debitis ut temporibus distinctio consequuntur quasi qui in eum. At alias eum sint.', 3, '2019-01-14 04:03:37', '2019-01-14 04:03:37'),
(77, 86, 'Jordane Howell Jr.', 'Et omnis ipsa nulla quod aperiam aut. Quia in nemo excepturi aperiam quo. Eos porro accusantium quo facilis. Est natus maxime itaque laudantium in.', 4, '2019-01-14 04:03:37', '2019-01-14 04:03:37'),
(78, 87, 'Mr. Fredy Mayert MD', 'Facilis odit non vel officiis. Atque et sed et perspiciatis blanditiis illum. Non iusto est tempore ipsum quo corporis at.', 1, '2019-01-14 04:03:37', '2019-01-14 04:03:37'),
(79, 31, 'Prof. Loy Kuhlman', 'Facere provident repudiandae officiis. Unde blanditiis rerum velit amet suscipit occaecati exercitationem. Sapiente modi omnis nam vel minima quia.', 5, '2019-01-14 04:03:37', '2019-01-14 04:03:37'),
(80, 71, 'Garett Kling III', 'Libero dolor quas perspiciatis et voluptatum. Et qui aut sit inventore dolor sed.', 5, '2019-01-14 04:03:37', '2019-01-14 04:03:37'),
(81, 27, 'Mrs. Nia Braun IV', 'Laborum voluptas adipisci rerum id praesentium veniam. In porro aut qui et vero soluta. Velit suscipit doloribus non cum. Illum omnis illum id et sit unde.', 0, '2019-01-14 04:03:37', '2019-01-14 04:03:37'),
(82, 54, 'Mariano Nikolaus', 'Aut perferendis ducimus ab voluptate nihil exercitationem earum. Excepturi qui rerum dolorum et quia. Doloremque eum ea corporis minus voluptatem nisi eos. Est molestiae excepturi quo nihil occaecati nesciunt vero.', 0, '2019-01-14 04:03:37', '2019-01-14 04:03:37'),
(83, 73, 'Naomi Blick', 'Ut quod repellat ratione repellendus officia eum ipsa. Distinctio commodi sint natus itaque dicta. Porro veritatis similique ut accusamus et. Voluptates cum temporibus est nobis.', 1, '2019-01-14 04:03:37', '2019-01-14 04:03:37'),
(84, 84, 'Dr. Clint Cummings', 'Occaecati sunt unde illum quis quia sapiente harum. Harum quis non non fuga provident est accusantium. Deserunt aspernatur qui voluptate consectetur dolorum doloremque. Qui ut labore aut et doloremque nesciunt ab. Natus error necessitatibus exercitationem rerum.', 4, '2019-01-14 04:03:37', '2019-01-14 04:03:37'),
(85, 50, 'Christiana Hodkiewicz', 'Eos et explicabo iure veritatis. Minus aspernatur cumque accusantium cupiditate. Laudantium molestiae voluptas sunt debitis. Tempora est non explicabo.', 1, '2019-01-14 04:03:37', '2019-01-14 04:03:37'),
(86, 75, 'Prof. Saige Metz DVM', 'Delectus laborum ducimus praesentium suscipit est quia. Est quos quia quibusdam repellat rerum. Voluptatem natus voluptatum optio aperiam placeat. Aliquid qui exercitationem nihil sed voluptas dolores.', 4, '2019-01-14 04:03:37', '2019-01-14 04:03:37'),
(87, 89, 'Giovanna Bartoletti', 'Pariatur omnis delectus accusamus laborum est consequatur qui. Explicabo non consequatur officiis velit voluptatum dicta. Officiis ut dolores voluptatem repellendus. Molestias laboriosam voluptas eaque et quia.', 5, '2019-01-14 04:03:37', '2019-01-14 04:03:37'),
(88, 97, 'Benjamin Fahey', 'Laboriosam rem qui quasi. Ipsam rerum mollitia quo deserunt ratione. Sed impedit ea est nostrum et quasi. Ipsum et alias labore.', 5, '2019-01-14 04:03:37', '2019-01-14 04:03:37'),
(89, 20, 'Prof. Evert Koss Jr.', 'Velit maiores perspiciatis nobis neque iusto quod ipsa. Qui dolor earum nostrum minima. Ea cupiditate et ut et.', 1, '2019-01-14 04:03:37', '2019-01-14 04:03:37'),
(90, 78, 'Bertram Hegmann', 'Pariatur assumenda et placeat voluptatem accusamus voluptate. Ea molestiae saepe voluptas ut occaecati. Culpa consequatur non facilis ut.', 1, '2019-01-14 04:03:37', '2019-01-14 04:03:37'),
(91, 91, 'Deshawn Blick', 'Molestiae et numquam numquam quod magnam hic explicabo. Illo aperiam a facilis.', 4, '2019-01-14 04:03:38', '2019-01-14 04:03:38'),
(92, 98, 'Arlene Bartoletti PhD', 'Est animi quasi tempore qui. Et vel et placeat autem sint. Praesentium enim assumenda nisi perspiciatis quisquam.', 2, '2019-01-14 04:03:38', '2019-01-14 04:03:38'),
(93, 62, 'Kelsi Quigley', 'Qui et ab ratione quo quae. Voluptas vitae corporis asperiores ut enim. Voluptas et aut saepe.', 5, '2019-01-14 04:03:38', '2019-01-14 04:03:38'),
(94, 20, 'Matilde O\'Connell', 'Alias qui est illum sint quos. Et architecto expedita omnis velit.', 3, '2019-01-14 04:03:38', '2019-01-14 04:03:38'),
(95, 96, 'Sofia Leannon', 'Sed qui unde non quos ducimus. Ea et ut quia provident delectus. Tempora odit iure quos nisi qui et. In aut autem nihil nam cumque placeat facere. Nihil reprehenderit nihil voluptatem ut.', 2, '2019-01-14 04:03:38', '2019-01-14 04:03:38'),
(96, 64, 'Wilhelm Kovacek', 'Dolores molestiae aspernatur aliquid dolores asperiores voluptas libero. Aperiam dolorem dolores eligendi quo. Aut itaque quisquam veritatis.', 2, '2019-01-14 04:03:38', '2019-01-14 04:03:38'),
(97, 44, 'Winnifred Bayer', 'Consequuntur magni id voluptatibus. Velit ea rerum in et rem et veniam. Et vitae est magni dicta maiores quibusdam accusantium. Id et at eligendi quod.', 1, '2019-01-14 04:03:38', '2019-01-14 04:03:38'),
(98, 92, 'Ms. Myriam Williamson I', 'Libero esse blanditiis vero ut consectetur libero ab. Laboriosam provident reiciendis dolores quasi. Neque sint ut labore perferendis iure harum assumenda. Ad eum doloribus est inventore.', 0, '2019-01-14 04:03:38', '2019-01-14 04:03:38'),
(99, 40, 'Mason Steuber I', 'Nostrum deleniti culpa dolorum voluptatem. Alias animi id quia. Officia ut voluptatem aut esse molestias voluptatum recusandae ut. Animi maxime illum quia.', 0, '2019-01-14 04:03:38', '2019-01-14 04:03:38'),
(100, 21, 'Dr. Thelma Schowalter Sr.', 'Nostrum consequatur aliquid et dolores dignissimos. Aut distinctio optio qui. Ut temporibus fugiat illum omnis cumque. Et qui nobis et et eius.', 4, '2019-01-14 04:03:38', '2019-01-14 04:03:38'),
(101, 23, 'Prof. Dallas Franecki', 'Exercitationem incidunt corporis aut voluptatem nulla nostrum quidem aspernatur. Et reiciendis magnam dolorum vel odit beatae. Excepturi in ad sapiente et minus quia et. Odio velit dolores et.', 5, '2019-01-14 04:03:38', '2019-01-14 04:03:38'),
(102, 68, 'Elvera Steuber', 'Non doloremque velit earum quis nam. Est dicta consectetur illum. Qui sed necessitatibus cumque blanditiis quis quae.', 4, '2019-01-14 04:03:38', '2019-01-14 04:03:38'),
(103, 51, 'Shany Rau', 'Consequatur et consequatur fugit vitae architecto dolorem cupiditate. Harum officiis reprehenderit non labore qui odit eos.', 1, '2019-01-14 04:03:38', '2019-01-14 04:03:38'),
(104, 55, 'Jerrell Wolff', 'Quia cum sunt adipisci et qui iste distinctio. Eveniet quaerat illo consequatur quia. Est eveniet necessitatibus enim voluptatem optio qui tempore.', 4, '2019-01-14 04:03:38', '2019-01-14 04:03:38'),
(105, 3, 'Deja Luettgen', 'Consequatur porro quae dolores minus maxime. Eos accusamus corporis deleniti eum vitae rerum. Eum fugiat occaecati accusantium aliquam praesentium ut ab qui. Est exercitationem quis laboriosam et nihil voluptas. Incidunt aliquid consequatur repudiandae nostrum aut.', 0, '2019-01-14 04:03:38', '2019-01-14 04:03:38'),
(106, 62, 'Mr. Reyes Dickinson MD', 'Quae est vitae aperiam facilis ut possimus. Voluptas perferendis est mollitia aliquid. Et temporibus aut autem quis. Quia exercitationem officiis voluptatem sit maiores.', 5, '2019-01-14 04:03:38', '2019-01-14 04:03:38'),
(107, 86, 'Kirstin Funk III', 'Quibusdam earum aperiam qui repellendus consectetur. Molestiae aut ratione assumenda velit repellat. Nesciunt ab at praesentium voluptatem.', 5, '2019-01-14 04:03:38', '2019-01-14 04:03:38'),
(108, 26, 'Miss Lorena Funk', 'Illo dolorem qui neque ut eos ullam minus. Aut necessitatibus nihil odio occaecati exercitationem. Inventore tempora odit velit voluptas dolores sed architecto deleniti.', 1, '2019-01-14 04:03:38', '2019-01-14 04:03:38'),
(109, 14, 'Vicky Witting', 'Optio adipisci quam enim fuga numquam. Dolor possimus dolore aut quia dicta. Expedita eos expedita inventore aut excepturi.', 4, '2019-01-14 04:03:38', '2019-01-14 04:03:38'),
(110, 81, 'Bessie Kuphal', 'Unde animi qui et quasi ducimus quia. Ut debitis dignissimos sint occaecati qui qui voluptas. Et et aut nisi. Non dolores quae et id.', 2, '2019-01-14 04:03:38', '2019-01-14 04:03:38'),
(111, 39, 'Tevin Stokes', 'Cumque unde vero voluptatibus sed. Et omnis consequatur libero laudantium placeat. Dolor ab quidem laborum laudantium consequatur saepe reprehenderit. Reprehenderit fugiat et repellat voluptas qui.', 0, '2019-01-14 04:03:38', '2019-01-14 04:03:38'),
(112, 98, 'Miss Jennyfer Auer IV', 'A eos quidem et quia doloribus culpa omnis quo. Animi et temporibus dolores voluptas harum. Accusamus eaque ullam dicta temporibus. Ducimus modi nesciunt corrupti maxime quis illum rerum praesentium.', 2, '2019-01-14 04:03:38', '2019-01-14 04:03:38'),
(113, 49, 'Zachary Grant', 'Et nesciunt incidunt natus deserunt ea. In excepturi eos est modi beatae doloremque. Dicta repellat molestiae dolores atque. Et nemo placeat minus voluptas rem possimus voluptatum. Asperiores voluptatem quia necessitatibus earum harum laborum ad.', 0, '2019-01-14 04:03:38', '2019-01-14 04:03:38'),
(114, 49, 'Haleigh Rempel', 'Nesciunt et sapiente accusantium sequi minima et. Est in et architecto rerum. Sequi quisquam impedit commodi aut ut dolore. Non eos excepturi laborum ipsam.', 3, '2019-01-14 04:03:38', '2019-01-14 04:03:38'),
(115, 76, 'Orlando Murphy', 'Est dolore sed eius amet quis sunt. Et labore et eaque quibusdam est. Voluptatem consequatur deleniti sapiente qui dolor. Eveniet enim eum ipsam magnam voluptatem sed.', 4, '2019-01-14 04:03:38', '2019-01-14 04:03:38'),
(116, 92, 'Odell Franecki', 'Ad id voluptate cum reiciendis recusandae molestiae qui. Qui in at et odit cupiditate rem nisi culpa. Repellat libero unde pariatur nobis.', 1, '2019-01-14 04:03:38', '2019-01-14 04:03:38'),
(117, 15, 'Prof. Arden Doyle', 'Omnis veniam minima aut occaecati ducimus sed. Ea est excepturi quasi ut. Debitis qui minima impedit aut nihil asperiores repellendus.', 0, '2019-01-14 04:03:39', '2019-01-14 04:03:39'),
(118, 90, 'Prof. Adalberto Muller', 'Omnis laudantium sed amet fugiat sapiente tenetur. Sequi praesentium ea eligendi rem minima ea. Repellendus recusandae earum excepturi nemo quo sed eius officia.', 2, '2019-01-14 04:03:39', '2019-01-14 04:03:39'),
(119, 14, 'Cheyenne Metz', 'Nemo aut eius hic autem. Sit ut dolores amet incidunt. Quidem doloremque non non autem. Aut iste repellat sed et porro.', 3, '2019-01-14 04:03:39', '2019-01-14 04:03:39'),
(120, 13, 'Celine Gutmann', 'Enim aperiam vitae velit. Sunt saepe dolor quidem nihil voluptas omnis. Quam ea ratione ut quibusdam non et.', 4, '2019-01-14 04:03:39', '2019-01-14 04:03:39'),
(121, 93, 'Leta Mante Jr.', 'Qui accusamus totam qui ullam. Possimus mollitia voluptatem facere hic minus. Dolorem quasi repellendus cumque pariatur placeat reiciendis quia.', 3, '2019-01-14 04:03:39', '2019-01-14 04:03:39'),
(122, 51, 'Prof. Nicola Lakin', 'Modi rerum neque asperiores impedit enim harum aliquid. Saepe provident aut odio libero. Autem aut sit accusantium perferendis.', 4, '2019-01-14 04:03:39', '2019-01-14 04:03:39'),
(123, 42, 'Dexter Satterfield', 'Explicabo aut eum iste et beatae. Nobis earum voluptatem eveniet qui atque corporis qui. Neque omnis necessitatibus facilis accusamus facere quis est aspernatur.', 1, '2019-01-14 04:03:39', '2019-01-14 04:03:39'),
(124, 61, 'Julianne Tremblay', 'Magnam quisquam consequatur nemo et cupiditate consequatur dolor. Tenetur sit officia asperiores. Eligendi voluptates optio et quam.', 3, '2019-01-14 04:03:39', '2019-01-14 04:03:39'),
(125, 83, 'Jewel Lang', 'Eius blanditiis dolores amet voluptas quo aperiam commodi. Doloremque aspernatur iste molestiae quo ut a. Voluptatem ea libero ad numquam velit perferendis laboriosam.', 3, '2019-01-14 04:03:39', '2019-01-14 04:03:39'),
(126, 6, 'Landen Roberts', 'Tempora ullam praesentium ratione. Necessitatibus similique tempore enim hic ex. Dolor aut et molestias suscipit aut.', 4, '2019-01-14 04:03:39', '2019-01-14 04:03:39'),
(127, 71, 'Charles Crona', 'Et esse nesciunt omnis doloribus praesentium maxime molestiae ipsum. Aspernatur quis tempora natus quia. Sed minima suscipit unde dolor ipsum aut asperiores. Iusto aspernatur dolorum numquam ad odit numquam.', 2, '2019-01-14 04:03:39', '2019-01-14 04:03:39'),
(128, 72, 'Prof. Hulda Rippin MD', 'Quod est tenetur optio in tempora qui in. Id nesciunt voluptate totam ut omnis veritatis iste. Sequi temporibus consectetur tempore ad eveniet.', 0, '2019-01-14 04:03:39', '2019-01-14 04:03:39'),
(129, 7, 'Mrs. Deborah Marks I', 'Iusto est voluptatem et incidunt quia. Neque vel dignissimos ad molestiae ex. Nobis voluptatibus fugit corporis saepe alias.', 5, '2019-01-14 04:03:39', '2019-01-14 04:03:39'),
(130, 74, 'Donny Pollich', 'Autem necessitatibus iste incidunt necessitatibus non laboriosam temporibus. Animi beatae mollitia suscipit in sint. Placeat voluptates non ex maiores consequatur est dolor ab. Est perspiciatis quis distinctio eligendi minus consectetur ullam et.', 5, '2019-01-14 04:03:40', '2019-01-14 04:03:40'),
(131, 26, 'Dortha Spinka', 'Aut omnis suscipit aperiam necessitatibus. Debitis eveniet quas minus cum consequatur perspiciatis tempora. Qui voluptas est quisquam qui eius.', 5, '2019-01-14 04:03:40', '2019-01-14 04:03:40'),
(132, 30, 'Mr. Solon Pagac I', 'Earum ut unde laboriosam odio. Ullam porro qui error iusto architecto. Hic nihil facere et ipsam quae eaque. Voluptatem at quos repellendus aut consequatur a.', 5, '2019-01-14 04:03:40', '2019-01-14 04:03:40'),
(133, 63, 'Howell Rippin', 'Repudiandae rerum dolorem aliquam qui doloremque et. Omnis sed corporis harum. Aspernatur et aut eveniet incidunt quam sapiente. Accusamus enim voluptatem temporibus quia nihil tempora maiores.', 5, '2019-01-14 04:03:40', '2019-01-14 04:03:40'),
(134, 34, 'Rosalee Stokes', 'Provident aliquam sapiente quod laboriosam omnis qui. Amet id sunt distinctio omnis blanditiis. Et est mollitia maxime non.', 2, '2019-01-14 04:03:40', '2019-01-14 04:03:40'),
(135, 12, 'Marco Hills', 'Dolor explicabo vel hic dolore assumenda et quisquam velit. Sint et voluptatem et cupiditate enim mollitia laboriosam. Impedit aut impedit in qui. Quis aliquam neque incidunt illum ut nam.', 0, '2019-01-14 04:03:40', '2019-01-14 04:03:40'),
(136, 79, 'Dr. Kelvin Von', 'Voluptatibus blanditiis commodi repudiandae dolorum. Mollitia et in suscipit officia aliquid. Repudiandae officia laboriosam non soluta. Ipsum quibusdam perferendis sapiente eum.', 3, '2019-01-14 04:03:40', '2019-01-14 04:03:40'),
(137, 60, 'Anjali Lakin', 'Ut non veritatis ipsa placeat ex quisquam. Voluptate rem aliquid aut ab eos dolorem. Minus voluptatem sapiente aliquam est ratione cupiditate.', 0, '2019-01-14 04:03:40', '2019-01-14 04:03:40'),
(138, 79, 'Lamar Senger', 'Sed sequi quo aperiam repudiandae. Quam consectetur quos beatae assumenda sed laudantium. Quo et rerum ut autem molestiae. Maiores qui quod molestiae aperiam velit qui. Et ut quas voluptates mollitia minus maxime ut.', 0, '2019-01-14 04:03:40', '2019-01-14 04:03:40'),
(139, 26, 'Mrs. Marilyne Harber', 'Quis voluptatum quod optio explicabo. Est rem voluptatem impedit. Qui saepe omnis dolore ipsam reiciendis suscipit. Et at atque pariatur sunt.', 2, '2019-01-14 04:03:40', '2019-01-14 04:03:40'),
(140, 89, 'Mrs. Maia Runolfsdottir', 'Nisi sed porro excepturi impedit nulla accusamus sapiente. Est deserunt unde vel omnis. Aut similique a nisi nobis aspernatur. Cumque velit at aperiam voluptatem atque aspernatur. Eligendi laudantium enim placeat id corporis error voluptas.', 4, '2019-01-14 04:03:40', '2019-01-14 04:03:40'),
(141, 51, 'Prof. Mose Ondricka', 'Sunt harum odit et fuga dignissimos occaecati repudiandae. Beatae fugiat quam voluptatem earum assumenda voluptate. Laboriosam ut praesentium eius est. Earum mollitia ut voluptatem ipsam occaecati.', 3, '2019-01-14 04:03:40', '2019-01-14 04:03:40'),
(142, 12, 'Armando Morissette', 'Sapiente voluptatibus et eum voluptates id et. Quae sed in ullam doloribus sit. Magnam quisquam et corporis placeat asperiores sunt quos. Repellat dolorem sit eius mollitia est dolorem voluptates.', 5, '2019-01-14 04:03:40', '2019-01-14 04:03:40'),
(143, 14, 'Evalyn Cremin', 'Repellat rerum quos quas rerum maiores voluptatem odio id. Ut explicabo dolores deleniti dolorem voluptatibus cum inventore aut. Aut error voluptas molestias labore ut ullam quas. Et pariatur quia alias dolores odio tempore et molestiae.', 1, '2019-01-14 04:03:40', '2019-01-14 04:03:40'),
(144, 34, 'Devyn Wintheiser', 'Quo qui libero error eius sit dolor minima. Possimus reprehenderit qui iusto at quas. Voluptas ut at rerum nobis est illo. Hic molestiae veniam at voluptatum.', 5, '2019-01-14 04:03:40', '2019-01-14 04:03:40'),
(145, 67, 'Jasper Wolf Jr.', 'Pariatur quia aut qui quisquam voluptas odit dicta. Eaque non eaque veritatis dignissimos in libero et. Aspernatur fuga nam placeat est dolorum ullam qui.', 1, '2019-01-14 04:03:40', '2019-01-14 04:03:40'),
(146, 17, 'Lue Strosin', 'Voluptatum asperiores repellendus est modi voluptas. Distinctio aperiam non est quia molestias alias. Voluptates ut voluptate eveniet assumenda debitis doloremque et. Aut autem incidunt iusto aliquid non ut.', 4, '2019-01-14 04:03:40', '2019-01-14 04:03:40'),
(147, 78, 'Eulalia Homenick II', 'Et eligendi minima nobis aperiam ratione dicta. Porro labore architecto impedit quo optio. Repudiandae aut et illo rem architecto eligendi ut. Blanditiis iste amet repudiandae rerum eos.', 1, '2019-01-14 04:03:40', '2019-01-14 04:03:40'),
(148, 58, 'Corbin Turner', 'Esse sint distinctio exercitationem voluptas. Labore nihil consequatur adipisci maiores. Qui est atque minima rerum est quis in.', 2, '2019-01-14 04:03:41', '2019-01-14 04:03:41'),
(149, 55, 'Vicenta Grimes', 'Omnis et ut omnis quos adipisci sequi laudantium et. Dolore sed suscipit laudantium blanditiis odit. Iste voluptas et beatae ratione omnis nam.', 2, '2019-01-14 04:03:41', '2019-01-14 04:03:41'),
(150, 5, 'Ms. Vergie Aufderhar DDS', 'Molestiae neque enim maiores numquam. Ea ducimus molestias voluptas.', 4, '2019-01-14 04:03:41', '2019-01-14 04:03:41'),
(151, 16, 'Ms. Jany White', 'Voluptatibus velit qui delectus voluptates architecto odit nihil. Qui accusamus cumque tempora saepe dignissimos voluptatem. Velit nesciunt facilis quia tempora ratione.', 2, '2019-01-14 04:03:41', '2019-01-14 04:03:41'),
(152, 13, 'Meredith Bahringer', 'Aut laboriosam et rerum harum saepe aliquam rerum. Voluptatem eos blanditiis non ut dicta. Et ut quis debitis consequuntur et quibusdam. Quis quidem quae adipisci dolorem vel. Quaerat minima illo error distinctio dignissimos.', 3, '2019-01-14 04:03:41', '2019-01-14 04:03:41'),
(153, 32, 'Issac Cremin', 'Magnam molestiae consequatur quia sit. Fugit doloremque ut est eum quas quo in. Itaque accusamus harum occaecati quasi ex sed. Et ea qui perspiciatis consequatur ut odit.', 0, '2019-01-14 04:03:41', '2019-01-14 04:03:41'),
(154, 23, 'Abel Gutkowski', 'Eveniet veniam eligendi consequuntur ducimus non. Natus enim aliquid enim dicta. Rem id corporis consequatur corrupti ullam.', 4, '2019-01-14 04:03:41', '2019-01-14 04:03:41'),
(155, 70, 'Miss Adelle Jacobson V', 'Consequuntur nemo facilis fugiat sed doloribus tempora. Quas quis debitis autem quia et. Animi aliquam mollitia voluptates est deleniti dolore quaerat.', 5, '2019-01-14 04:03:41', '2019-01-14 04:03:41'),
(156, 49, 'Jewel Keebler', 'Nisi optio tempore voluptatem nobis sit eum accusamus. Voluptas aliquam ex aut. Adipisci provident ipsa eveniet quia ipsa quos. Aspernatur perspiciatis sequi autem et repudiandae voluptatibus.', 5, '2019-01-14 04:03:41', '2019-01-14 04:03:41'),
(157, 25, 'Kenny O\'Reilly', 'Dolorem velit unde dolore dolor cumque et. Unde tempore doloremque eius aut perferendis est. Ut minus sunt et beatae voluptate. Non voluptas animi iste quas.', 4, '2019-01-14 04:03:41', '2019-01-14 04:03:41'),
(158, 77, 'Gaston Dare', 'Libero est dolore aspernatur aspernatur reprehenderit. Molestias eveniet omnis quia quo est nisi. Officia aut hic sit debitis. Et sunt voluptatem enim cumque vitae labore quia. Distinctio quasi ut dolores incidunt.', 1, '2019-01-14 04:03:41', '2019-01-14 04:03:41'),
(159, 97, 'Lulu O\'Hara', 'Voluptates deleniti molestias quod mollitia. Praesentium aliquid harum odit saepe laboriosam quia voluptatem. Facere assumenda molestias sit iusto labore ratione. Pariatur eos nam quas. Quam quas ducimus autem sed.', 0, '2019-01-14 04:03:41', '2019-01-14 04:03:41'),
(160, 85, 'Berneice Leffler', 'Nostrum nihil qui voluptates. Fugiat sint enim aperiam. Architecto est pariatur animi qui. Fugit necessitatibus illo quo aliquid sed fugit.', 5, '2019-01-14 04:03:41', '2019-01-14 04:03:41'),
(161, 4, 'Jeffry Upton', 'Maxime dolorem ut quia voluptatem. Quasi sit aliquid iusto nihil eaque. Unde perspiciatis tempora et enim placeat.', 2, '2019-01-14 04:03:42', '2019-01-14 04:03:42'),
(162, 41, 'Dr. Tiffany Brekke DDS', 'Quibusdam provident quis eaque quas odit quidem omnis. Excepturi magnam libero numquam possimus. Praesentium aliquam ducimus nobis.', 0, '2019-01-14 04:03:42', '2019-01-14 04:03:42'),
(163, 2, 'Dr. Joesph Rau', 'Illum in et aut vel nesciunt est nihil ab. Ut asperiores eius corrupti. Cum suscipit vel ratione quas est beatae pariatur et. Voluptas dolore perferendis dolorum omnis dolorem.', 3, '2019-01-14 04:03:42', '2019-01-14 04:03:42'),
(164, 76, 'Prof. Josie DuBuque V', 'Eaque ipsum tempore dignissimos nobis quos consequatur perspiciatis ex. Quis quia itaque rem voluptas cupiditate nihil.', 1, '2019-01-14 04:03:42', '2019-01-14 04:03:42'),
(165, 63, 'Mrs. Rita Lowe', 'Quam culpa quia et quibusdam minima. Repellat ut quia qui omnis qui tenetur. Sapiente consequuntur temporibus deserunt. Consequatur et recusandae sint amet dolor cumque.', 2, '2019-01-14 04:03:42', '2019-01-14 04:03:42'),
(166, 92, 'Prof. Amie Runolfsson IV', 'Exercitationem dolore quae aliquam totam a eveniet. Qui ex explicabo quas ipsam reprehenderit.', 3, '2019-01-14 04:03:42', '2019-01-14 04:03:42'),
(167, 3, 'Dr. Glenda Heaney DDS', 'Magni voluptatibus architecto ullam velit. Rerum accusamus deserunt minima qui cum nesciunt illo. Sequi est repellat aperiam perferendis esse natus. Repudiandae molestiae id eos voluptatem aut excepturi in ea. Temporibus nesciunt sapiente et minus ea qui.', 0, '2019-01-14 04:03:42', '2019-01-14 04:03:42'),
(168, 60, 'Zelma Lind', 'Ab vel similique eveniet aut sint laboriosam. Fuga quia assumenda tenetur possimus earum. Dignissimos consequatur sapiente autem totam nesciunt aut. Quia et voluptas distinctio qui.', 4, '2019-01-14 04:03:42', '2019-01-14 04:03:42'),
(169, 4, 'Bobby Cartwright', 'In omnis iste optio. Quam hic voluptas ullam aut perferendis ducimus. Qui dolorem ratione dolore quia. Quisquam perspiciatis ea minima officia perferendis.', 2, '2019-01-14 04:03:42', '2019-01-14 04:03:42'),
(170, 35, 'Lavada Bahringer', 'Enim quis possimus eveniet iusto ea. Esse vel quis asperiores excepturi ducimus itaque sunt.', 3, '2019-01-14 04:03:42', '2019-01-14 04:03:42'),
(171, 71, 'Jerel Shields', 'Culpa sit ipsa soluta soluta iusto. Dolorem quis quae vel voluptas. Accusamus praesentium placeat odio quam et voluptatem. Mollitia a dolorem ut.', 5, '2019-01-14 04:03:42', '2019-01-14 04:03:42'),
(172, 14, 'Ward Ernser', 'Libero qui nostrum laboriosam velit laborum suscipit. Molestiae et harum corporis ut non dignissimos. Ipsam ullam recusandae et voluptas. Est aliquid maiores repudiandae ea quasi molestias.', 0, '2019-01-14 04:03:42', '2019-01-14 04:03:42'),
(173, 17, 'Mr. Xavier Gorczany II', 'Dolorum fugiat aperiam adipisci nulla assumenda ut aperiam. Voluptatem et autem recusandae ad velit. Ullam nulla est corporis ut. Ad sed voluptas numquam nesciunt autem.', 3, '2019-01-14 04:03:42', '2019-01-14 04:03:42'),
(174, 45, 'Prof. Janie Zboncak III', 'Quis et temporibus repudiandae voluptatibus earum accusamus molestias. Velit delectus hic ut voluptatem dolorem ipsa. Eos aut itaque provident similique eos. Nostrum accusamus aut pariatur magnam iure nostrum optio.', 1, '2019-01-14 04:03:42', '2019-01-14 04:03:42'),
(175, 12, 'Maxwell Kuphal', 'Adipisci sapiente corrupti quo perspiciatis natus et. Soluta quae nisi occaecati impedit doloremque sit dolore. Facere et sed voluptate quis. Perspiciatis asperiores velit sit modi.', 1, '2019-01-14 04:03:42', '2019-01-14 04:03:42'),
(176, 40, 'Karlie Medhurst', 'Corporis sapiente officia architecto non molestiae quisquam adipisci. Qui tempora facilis autem aut officiis et. Quia accusamus est corporis sunt nihil natus ea.', 4, '2019-01-14 04:03:42', '2019-01-14 04:03:42'),
(177, 87, 'Prof. Gerard Reilly', 'Corrupti minus aut deleniti. Natus necessitatibus minus est expedita autem. Atque beatae sit rerum recusandae et.', 5, '2019-01-14 04:03:42', '2019-01-14 04:03:42'),
(178, 71, 'Edna Nader', 'Sed et quibusdam doloremque laudantium voluptas similique quia. Sed voluptates doloribus consectetur asperiores molestias repellat. Earum excepturi non vitae iusto quas sunt dolor.', 2, '2019-01-14 04:03:43', '2019-01-14 04:03:43'),
(179, 16, 'Clinton Zemlak', 'Quis tenetur iusto quod deserunt qui. Pariatur eligendi quas eum nihil corrupti. Dolores temporibus repudiandae non nobis quas repellat. Et sed suscipit dolores quibusdam inventore error. Illo omnis neque quam quia.', 1, '2019-01-14 04:03:43', '2019-01-14 04:03:43'),
(180, 2, 'Prof. Perry Hand', 'Et hic et sed eos quisquam soluta. Fugit qui officia ut saepe sit. Qui at qui eaque atque rerum. Iusto labore velit cumque autem quam ut est perspiciatis.', 2, '2019-01-14 04:03:43', '2019-01-14 04:03:43'),
(181, 1, 'Ms. Brooklyn Jaskolski Sr.', 'Voluptatem sit commodi nostrum iure qui ut. Et eum in omnis eius iste. Aliquid dignissimos impedit maiores qui beatae.', 2, '2019-01-14 04:03:43', '2019-01-14 04:03:43'),
(182, 3, 'Shanel Hermann', 'Libero dolorum deserunt esse ducimus. Id odio est facilis et fuga eum culpa delectus.', 2, '2019-01-14 04:03:43', '2019-01-14 04:03:43'),
(183, 76, 'Mr. Rusty Watsica DVM', 'Necessitatibus consequatur quia voluptatem voluptatem magni ea. Nulla non rem eum in. Maiores sunt tenetur adipisci id culpa perferendis.', 0, '2019-01-14 04:03:43', '2019-01-14 04:03:43'),
(184, 100, 'Mrs. Maureen Grady II', 'Nihil iure commodi officiis occaecati atque laboriosam. Ducimus voluptatem fuga unde adipisci voluptas. Explicabo sunt voluptatem tenetur et quidem.', 5, '2019-01-14 04:03:43', '2019-01-14 04:03:43'),
(185, 3, 'Alden Labadie Sr.', 'Culpa quasi dolor velit laborum et voluptatem. Velit dolor sed ea quam aut voluptatem. Alias et sed quis fugiat autem iusto. Incidunt suscipit excepturi nihil non.', 0, '2019-01-14 04:03:43', '2019-01-14 04:03:43'),
(186, 94, 'Kailyn Wunsch', 'Quis vero eos nihil. Suscipit cumque libero harum illo nostrum molestiae. Corporis aut molestiae nisi laudantium unde animi. Repellendus officia ut harum similique incidunt error.', 0, '2019-01-14 04:03:43', '2019-01-14 04:03:43'),
(187, 91, 'Mrs. Daija Schinner', 'Atque totam sit totam illum alias ab corrupti. Rerum nihil ut quis amet. Distinctio aut aut libero natus sint vero.', 5, '2019-01-14 04:03:43', '2019-01-14 04:03:43'),
(188, 96, 'Louie Stark', 'Similique maxime quo quo aliquam temporibus sequi. Enim est dolor beatae iusto. Quibusdam exercitationem debitis assumenda similique.', 1, '2019-01-14 04:03:43', '2019-01-14 04:03:43'),
(189, 19, 'Janick Streich', 'Et ad tempore atque quia ut magnam. Vel voluptate consequuntur rem saepe non omnis.', 0, '2019-01-14 04:03:43', '2019-01-14 04:03:43'),
(190, 30, 'Merle Hand', 'Aperiam aliquid aliquid blanditiis illum. Reprehenderit velit qui et minima ut minus. Neque in repellat ad officia.', 3, '2019-01-14 04:03:43', '2019-01-14 04:03:43'),
(191, 70, 'Meagan Kovacek II', 'Architecto esse voluptas saepe optio. Alias est blanditiis nihil occaecati numquam assumenda quidem. Optio quos ab molestias sunt est. Dicta veniam optio est quia accusamus et doloremque.', 5, '2019-01-14 04:03:43', '2019-01-14 04:03:43'),
(192, 61, 'Marguerite Marvin', 'Voluptatem exercitationem asperiores corporis praesentium aliquid. Molestias tenetur aut in dolore ut officiis et. Eum autem quas eos temporibus molestias aut voluptatem.', 3, '2019-01-14 04:03:43', '2019-01-14 04:03:43'),
(193, 68, 'Eliza Greenfelder', 'Velit occaecati et quaerat eveniet possimus ea tempore. Consequatur iure recusandae alias et. Sapiente praesentium eaque qui sunt dolore voluptas alias. Atque qui eius eos doloremque. Nihil maxime laudantium aliquid nisi dolorem possimus.', 1, '2019-01-14 04:03:43', '2019-01-14 04:03:43'),
(194, 71, 'Keyshawn Morar Jr.', 'Quidem et numquam aut eum voluptatem. Hic totam aut eligendi maxime placeat. Est a voluptas recusandae enim nobis omnis.', 5, '2019-01-14 04:03:43', '2019-01-14 04:03:43'),
(195, 51, 'Ubaldo Batz DVM', 'Tenetur voluptatibus et reprehenderit sed doloremque. Praesentium est sit totam dignissimos itaque iure. Animi veritatis et nihil sunt id officia dolorum.', 0, '2019-01-14 04:03:43', '2019-01-14 04:03:43'),
(196, 59, 'Asha Hoppe', 'Sit voluptatibus ut illum et aut quos iure molestias. Consequuntur sunt voluptas occaecati saepe similique voluptate. Vitae et nulla nulla reprehenderit ducimus rem. Et incidunt expedita in omnis iusto deserunt harum.', 0, '2019-01-14 04:03:43', '2019-01-14 04:03:43'),
(197, 25, 'Jerrold Corkery', 'Sint et sit suscipit nisi voluptates ipsam dolores. Est odit enim dolores corrupti est sapiente odio. Corporis vitae et atque. Ducimus aut iure autem dolor ducimus quisquam.', 1, '2019-01-14 04:03:43', '2019-01-14 04:03:43'),
(198, 12, 'Mr. Rickey Kertzmann IV', 'Nisi cupiditate quas commodi rerum ut. Dolore in perferendis et delectus nihil. Similique nam ea qui.', 1, '2019-01-14 04:03:43', '2019-01-14 04:03:43'),
(199, 83, 'Maxie Nikolaus', 'Beatae ut et eaque asperiores natus et et. Velit repellat laborum totam quia. Nulla voluptatem mollitia aut quos iste tempora. Corporis ipsam sit consequuntur accusamus beatae nesciunt impedit.', 1, '2019-01-14 04:03:44', '2019-01-14 04:03:44'),
(200, 72, 'Prof. Godfrey Goodwin', 'Cupiditate voluptate in numquam enim et et explicabo. Quia voluptate provident veritatis expedita. Cupiditate eaque et officia quaerat nesciunt magnam itaque. Dolore provident iusto illum.', 1, '2019-01-14 04:03:44', '2019-01-14 04:03:44'),
(201, 88, 'Dannie Lubowitz', 'Iure est sit ex cum qui fuga in. Qui id aut animi eius cupiditate est. Accusamus voluptas ab ut quisquam deleniti error similique consectetur. Et velit dignissimos quaerat voluptatem.', 5, '2019-01-14 04:03:44', '2019-01-14 04:03:44'),
(202, 16, 'Emmy Batz', 'Sed laborum eveniet modi nisi. Nulla ullam quaerat voluptatem. Corrupti qui velit nulla iusto. Quasi earum quo voluptates voluptates accusantium.', 3, '2019-01-14 04:03:44', '2019-01-14 04:03:44'),
(203, 88, 'Catalina Kerluke', 'Omnis dignissimos laborum temporibus amet eos voluptate. Eum id aspernatur voluptatem ab qui perferendis iure quod. Corporis voluptatem laborum rerum fugit consectetur. Harum iusto eius laborum adipisci.', 4, '2019-01-14 04:03:44', '2019-01-14 04:03:44'),
(204, 19, 'Ona Hills', 'Voluptas adipisci qui qui delectus vel voluptas ut. Ea sed iste qui aperiam libero. Fuga excepturi nulla blanditiis aperiam quos voluptatibus.', 4, '2019-01-14 04:03:44', '2019-01-14 04:03:44'),
(205, 91, 'Oran Leffler', 'Officia sit debitis odio ut aut. Esse blanditiis voluptas dolores perspiciatis rerum. Veritatis libero ut sunt modi omnis quas. Porro saepe ducimus et consequatur illo odit amet. Dolore quasi ducimus accusamus est voluptate.', 3, '2019-01-14 04:03:44', '2019-01-14 04:03:44'),
(206, 69, 'Rosanna Ziemann', 'Quisquam consequuntur vitae voluptas qui tempora. Iusto magnam aut et laudantium aut maiores. Dignissimos explicabo illum nihil voluptas unde harum aut.', 3, '2019-01-14 04:03:44', '2019-01-14 04:03:44'),
(207, 12, 'Prof. Athena Mohr', 'Laborum libero earum aut. Molestiae eum molestiae laudantium non aut sit veniam illum. Sint quibusdam et mollitia distinctio.', 4, '2019-01-14 04:03:44', '2019-01-14 04:03:44'),
(208, 42, 'Miss Laney Rogahn', 'Animi corrupti earum ut. Sit dolorem quibusdam fugiat distinctio amet nam odio. Maxime architecto enim perferendis soluta repellendus voluptate.', 1, '2019-01-14 04:03:44', '2019-01-14 04:03:44'),
(209, 92, 'Mr. Monroe Homenick IV', 'Sed praesentium est fugit repellendus. Quas dolorem minima sint omnis minima voluptatem. A iure animi iste amet tempore sit.', 1, '2019-01-14 04:03:44', '2019-01-14 04:03:44');
INSERT INTO `reviews` (`id`, `product_id`, `customer`, `review`, `star`, `created_at`, `updated_at`) VALUES
(210, 6, 'Prof. Ryan Fritsch', 'Voluptates dolor architecto velit nam id. Nam sunt tempore commodi impedit.', 2, '2019-01-14 04:03:44', '2019-01-14 04:03:44'),
(211, 20, 'Prof. Haley Koss PhD', 'Nisi quia illum fuga soluta soluta fugit. Itaque architecto sed provident assumenda aspernatur. Ut dolor tempore quibusdam dolores tempora eius enim non.', 5, '2019-01-14 04:03:44', '2019-01-14 04:03:44'),
(212, 41, 'Elmer Daugherty', 'Dolor recusandae aliquid laboriosam dolorem voluptatum doloremque quibusdam. Quae quos rem et et vel est quae. Magnam consequatur alias vel.', 5, '2019-01-14 04:03:44', '2019-01-14 04:03:44'),
(213, 59, 'Walter Berge', 'Consequatur deserunt maxime iusto quidem quis eligendi. Et possimus sed illo. Labore et corporis saepe explicabo eveniet.', 2, '2019-01-14 04:03:44', '2019-01-14 04:03:44'),
(214, 95, 'Louie Buckridge', 'Nulla unde et earum cum et et. Non optio sed labore et aliquid tenetur quae. Sit nihil reprehenderit ea aut libero.', 0, '2019-01-14 04:03:44', '2019-01-14 04:03:44'),
(215, 41, 'Lucinda O\'Hara', 'Aspernatur perspiciatis quos vitae est dolorem quod corporis. Eius reprehenderit tempore est atque. Aut reiciendis aut explicabo magni et totam. Perferendis est quo eos qui consequuntur.', 3, '2019-01-14 04:03:44', '2019-01-14 04:03:44'),
(216, 47, 'Parker Wisoky', 'Dolorum quis velit omnis eos molestiae. Porro nemo est impedit possimus. Sed totam rem aut eveniet similique. Qui est eos labore dolorum consequatur cum.', 1, '2019-01-14 04:03:44', '2019-01-14 04:03:44'),
(217, 79, 'Mrs. Alvena Schroeder', 'Nam culpa vero fugiat. Maiores est et voluptas soluta. Non eaque aut cumque magni sed dolorum repellat rem.', 0, '2019-01-14 04:03:44', '2019-01-14 04:03:44'),
(218, 50, 'Loraine Padberg', 'Consectetur quisquam iste in ut maxime quas. Deserunt reiciendis nihil eius provident quia. Voluptate laboriosam corrupti voluptas rerum. Ex quas adipisci libero quia vel facere.', 3, '2019-01-14 04:03:45', '2019-01-14 04:03:45'),
(219, 14, 'Prof. Kyler Powlowski', 'Rerum harum illo quos ullam. Illum voluptates sed voluptatem dolor porro veniam. Placeat atque facilis illo reiciendis molestiae sapiente illo ratione. Odit recusandae natus autem ipsa est corrupti.', 5, '2019-01-14 04:03:45', '2019-01-14 04:03:45'),
(220, 24, 'Hollie Runolfsdottir', 'Quae maiores dolores deleniti. Qui et accusamus repellat qui beatae. Quia adipisci voluptatem tempore cum.', 5, '2019-01-14 04:03:45', '2019-01-14 04:03:45'),
(221, 59, 'Prof. Alexandra Hermann', 'Id molestiae reprehenderit esse quis vel itaque. Ab aut eum dicta error quo maxime aut est. Repellat officia nobis minus corrupti aliquid aut. Incidunt nostrum id dolores a modi sed unde.', 1, '2019-01-14 04:03:45', '2019-01-14 04:03:45'),
(222, 61, 'Haley Leannon', 'Inventore id nulla officia ut iste provident. Amet est aperiam dolor numquam reiciendis.', 4, '2019-01-14 04:03:45', '2019-01-14 04:03:45'),
(223, 64, 'Ms. Paula Mitchell', 'Fugiat ut omnis ab veniam eum explicabo id sequi. Impedit cum omnis eum.', 2, '2019-01-14 04:03:45', '2019-01-14 04:03:45'),
(224, 81, 'Eldridge Medhurst', 'Explicabo labore et architecto pariatur earum qui ut quam. Dolor laborum eos dolorem deserunt iusto. Architecto et cumque vel consequatur nihil molestiae.', 4, '2019-01-14 04:03:45', '2019-01-14 04:03:45'),
(225, 10, 'Mrs. Citlalli Cummings I', 'Eos quo voluptatem ut velit eos nesciunt quia. Nostrum ratione nulla sit tenetur ea dolorem. Eum in placeat libero deleniti quas nemo. Qui atque ipsum a harum praesentium.', 2, '2019-01-14 04:03:45', '2019-01-14 04:03:45'),
(226, 61, 'Marcellus Harris', 'Veniam quisquam repudiandae laudantium voluptas. Velit impedit id dolorum consequatur sed soluta sunt sit. Ut unde enim natus quod. Repellat maxime recusandae ab hic dolor vel porro.', 3, '2019-01-14 04:03:45', '2019-01-14 04:03:45'),
(227, 42, 'Dr. Ariane Runolfsson', 'Commodi numquam dolore et voluptas. Labore exercitationem dolorem harum distinctio. Dolorem itaque rerum consectetur fugit nisi non enim.', 2, '2019-01-14 04:03:45', '2019-01-14 04:03:45'),
(228, 28, 'Imogene Terry', 'Est optio error saepe nostrum nihil enim. Ad rerum odio quia error quaerat debitis. Odit facere sed odio aut id soluta. Tempore et nihil neque eaque vel dicta.', 3, '2019-01-14 04:03:45', '2019-01-14 04:03:45'),
(229, 33, 'Noe Torp', 'Laudantium omnis soluta tempore autem architecto. Itaque sit veritatis ut officia numquam est laborum. Ea quos voluptas voluptatem repellat.', 0, '2019-01-14 04:03:45', '2019-01-14 04:03:45'),
(230, 36, 'Dr. Roslyn Ritchie', 'Tenetur corrupti eligendi beatae error. Dolor quod labore est dignissimos sequi rerum. Voluptatem consequatur modi temporibus rerum sit illum. Pariatur voluptatem sed quisquam accusantium sit.', 0, '2019-01-14 04:03:45', '2019-01-14 04:03:45'),
(231, 53, 'Hattie Schinner', 'Delectus laudantium sed ab sit consequatur minima. A molestiae aliquam repellat necessitatibus. Quo voluptates doloremque odit ea ea sed illum. Adipisci aliquid aut quo saepe cumque fugit hic.', 2, '2019-01-14 04:03:45', '2019-01-14 04:03:45'),
(232, 30, 'Jerald Armstrong', 'Aut modi alias laboriosam voluptatum. Tempore dicta nobis maxime. Voluptas repudiandae praesentium sit ratione praesentium ex qui.', 3, '2019-01-14 04:03:45', '2019-01-14 04:03:45'),
(233, 62, 'Lavon Wisozk', 'Consequuntur aliquid reiciendis cum quo quasi. Eum debitis exercitationem quia voluptas et ut repellat deserunt. Ipsam porro aut consequatur soluta eos eos dolores.', 1, '2019-01-14 04:03:45', '2019-01-14 04:03:45'),
(234, 76, 'Jayne Trantow', 'Et adipisci accusamus sunt aliquam at. Recusandae est id nobis et dolores. Et sint sint eius est.', 3, '2019-01-14 04:03:45', '2019-01-14 04:03:45'),
(235, 68, 'Gregg Boyle', 'Autem animi corporis odit omnis. Illo explicabo ut voluptates fugit illo non. Ut omnis sed rerum nulla nobis et qui.', 1, '2019-01-14 04:03:45', '2019-01-14 04:03:45'),
(236, 7, 'Dr. Aniyah Bednar', 'Possimus earum dolor sint ipsam veniam voluptas rerum. Et eos tempore ea ut beatae saepe sit. Dolore qui libero reiciendis sequi et porro. Temporibus perferendis et qui sequi.', 1, '2019-01-14 04:03:45', '2019-01-14 04:03:45'),
(237, 51, 'Prof. Cloyd Johns', 'Ea mollitia ut quis. Ut est doloribus praesentium ullam perferendis. Enim quos blanditiis quae assumenda ut soluta fugit. Dolorem sit sed explicabo est.', 2, '2019-01-14 04:03:45', '2019-01-14 04:03:45'),
(238, 81, 'Gudrun Rolfson', 'Impedit et sed rem in. Molestiae voluptatem suscipit laborum atque. Quasi nam quidem in explicabo fugiat perferendis sint eos.', 0, '2019-01-14 04:03:45', '2019-01-14 04:03:45'),
(239, 46, 'Mr. Lon Powlowski Jr.', 'Optio sapiente aliquid et magnam. Debitis recusandae cumque numquam odio praesentium consequatur in.', 3, '2019-01-14 04:03:45', '2019-01-14 04:03:45'),
(240, 47, 'Sheila Moore', 'Cupiditate voluptatem qui cum. Ipsam dolor facere culpa. Ad illum minus deserunt suscipit.', 4, '2019-01-14 04:03:46', '2019-01-14 04:03:46'),
(241, 23, 'Mr. Camron Bosco', 'Rerum iure tempora minima. Molestiae laborum dolor repudiandae. In consequuntur voluptatem consequatur reiciendis.', 4, '2019-01-14 04:03:46', '2019-01-14 04:03:46'),
(242, 16, 'Giovanny Upton', 'Ad repellendus non necessitatibus. Sed qui incidunt occaecati dolor qui assumenda pariatur. Eos neque eius corrupti ut ut velit. Nemo vero similique consequatur exercitationem ab veritatis.', 1, '2019-01-14 04:03:46', '2019-01-14 04:03:46'),
(243, 27, 'Dr. Savion Kuvalis DDS', 'Incidunt possimus blanditiis eaque sunt et animi. Reprehenderit perspiciatis ipsam temporibus. Dignissimos facere odit possimus non qui itaque. Quae non occaecati quia sit voluptatibus aperiam nemo.', 4, '2019-01-14 04:03:46', '2019-01-14 04:03:46'),
(244, 63, 'Rhiannon Heller', 'Assumenda beatae odio dolores pariatur ut neque aliquid. Iure sed labore voluptatum. Corrupti odio facere consequatur velit. Tempora illum tempora et iusto asperiores.', 0, '2019-01-14 04:03:46', '2019-01-14 04:03:46'),
(245, 98, 'Jennings Robel', 'Consequatur quia dicta alias voluptas possimus. Quod possimus quisquam et quos minus delectus omnis. In nam eveniet omnis tempora dolor dolorum minus facere. Voluptatem culpa error necessitatibus qui aliquid exercitationem repellendus.', 4, '2019-01-14 04:03:46', '2019-01-14 04:03:46'),
(246, 85, 'Zechariah White', 'Aspernatur reprehenderit velit aut qui molestiae. Quidem itaque voluptatem pariatur corrupti. Praesentium corrupti illo aut soluta aperiam quidem itaque. Quis molestias ipsum nihil libero dignissimos.', 5, '2019-01-14 04:03:46', '2019-01-14 04:03:46'),
(247, 14, 'Anahi Pfeffer', 'Cumque est modi ipsum aliquam architecto vero sit odio. Praesentium ut in voluptas rem illum dolorum. Rem quia adipisci itaque laudantium et facere est.', 2, '2019-01-14 04:03:46', '2019-01-14 04:03:46'),
(248, 1, 'Prof. Judson Roob II', 'Sunt non et vel aperiam ex. Labore iure dolorum natus aperiam odit occaecati. Ut occaecati voluptas distinctio est.', 2, '2019-01-14 04:03:46', '2019-01-14 04:03:46'),
(249, 6, 'Hulda Leuschke Jr.', 'Officiis facere quaerat optio atque vel. Soluta eius vel maiores. Maiores quas animi quo nemo. Molestias voluptates cum dolor adipisci.', 5, '2019-01-14 04:03:46', '2019-01-14 04:03:46'),
(250, 88, 'Mr. Crawford Daugherty DDS', 'Aut nihil sint laborum voluptas. Quia velit at eum recusandae excepturi temporibus. Deleniti necessitatibus beatae nobis nulla. Illo inventore temporibus aut dolore voluptas aut voluptas.', 0, '2019-01-14 04:03:46', '2019-01-14 04:03:46'),
(251, 2, 'Ceasar Padberg', 'Officia maiores dolorum similique maxime blanditiis qui. Quo necessitatibus et consectetur rem. Dolores nemo doloribus ad eum delectus delectus perferendis vitae. Quae maxime velit vero.', 3, '2019-01-14 04:03:46', '2019-01-14 04:03:46'),
(252, 10, 'Luciano Franecki', 'Omnis omnis optio beatae ullam accusamus et. Non labore ullam aliquam eos omnis laudantium molestiae. Molestiae cumque est non quod rerum.', 1, '2019-01-14 04:03:46', '2019-01-14 04:03:46'),
(253, 38, 'Jarred Yundt', 'Consequatur rerum voluptas et maxime amet saepe quis. Laudantium voluptatum cumque quidem veniam eveniet numquam.', 4, '2019-01-14 04:03:46', '2019-01-14 04:03:46'),
(254, 28, 'Miss Mya Turner I', 'Error et totam rerum saepe hic. In quae ratione ut id deserunt. Sed est vel et molestias ex in amet. Similique quia commodi dolorem.', 3, '2019-01-14 04:03:46', '2019-01-14 04:03:46'),
(255, 83, 'Casper Jakubowski', 'Qui dolorum facilis possimus temporibus ut. Porro iste minus aspernatur eos. Consectetur eaque nam explicabo reprehenderit nam reiciendis maiores. Voluptatibus itaque voluptatem porro et dolores minus.', 0, '2019-01-14 04:03:46', '2019-01-14 04:03:46'),
(256, 95, 'Ayden Hessel', 'Unde consequatur nihil quod rem officiis rerum velit aperiam. Et laborum modi aut rem omnis eum itaque. Culpa eos sunt aut odio et deleniti. Dolorum facere dolorum id aspernatur in nobis eos labore.', 4, '2019-01-14 04:03:46', '2019-01-14 04:03:46'),
(257, 47, 'Juwan Ratke', 'Aperiam maxime voluptates consectetur vitae dolorem architecto ut. Nobis quisquam et dolores nesciunt omnis eos ea.', 2, '2019-01-14 04:03:46', '2019-01-14 04:03:46'),
(258, 29, 'Al Hudson', 'Eos in a quae nihil sit. Facilis dolorem occaecati eaque at consequatur. Aut ullam laboriosam doloremque fuga non voluptatibus.', 2, '2019-01-14 04:03:46', '2019-01-14 04:03:46'),
(259, 55, 'Kim West', 'Sint recusandae culpa aperiam ipsum qui eos. Veniam et itaque cum aut eius recusandae. Voluptas quis harum laboriosam velit. Quia at rerum aspernatur.', 1, '2019-01-14 04:03:46', '2019-01-14 04:03:46'),
(260, 42, 'Hortense Beahan', 'Exercitationem omnis numquam ad quia dolorum illo voluptatum. Consequatur repellat officia est saepe quam. Maxime dicta sunt ut.', 1, '2019-01-14 04:03:46', '2019-01-14 04:03:46'),
(261, 97, 'Jailyn Kerluke', 'Vel labore eum velit cupiditate nihil corrupti est. Fugiat consequatur corrupti quas ut et ab vero. Temporibus magnam omnis debitis in doloribus eveniet optio.', 4, '2019-01-14 04:03:46', '2019-01-14 04:03:46'),
(262, 77, 'Jerrell Pfannerstill', 'Quos qui nobis culpa. Voluptates autem esse aut incidunt. Ab neque tenetur illum aspernatur temporibus molestiae autem. Laborum autem velit ex saepe voluptatem. Repellendus molestiae commodi est accusantium.', 5, '2019-01-14 04:03:46', '2019-01-14 04:03:46'),
(263, 74, 'Ms. Marquise McKenzie V', 'Quasi consequatur veniam expedita quisquam molestiae ipsam pariatur. Quis voluptatem veniam illo ipsa impedit aut. Ut suscipit dolores cumque delectus doloremque doloremque.', 3, '2019-01-14 04:03:46', '2019-01-14 04:03:46'),
(264, 22, 'Amalia Larson', 'Ut quisquam qui officiis illo. Et ex et odit error voluptas ipsum. Officia voluptatibus quae qui non praesentium repellat consequuntur. Consequuntur qui quod voluptas hic.', 5, '2019-01-14 04:03:47', '2019-01-14 04:03:47'),
(265, 93, 'Emory Heaney', 'Eos voluptate illo consequatur. Fuga velit rerum et aut. Voluptates et non doloremque quidem voluptatibus nesciunt.', 3, '2019-01-14 04:03:47', '2019-01-14 04:03:47'),
(266, 90, 'Marlee Osinski', 'Ut ut veritatis assumenda et et voluptatem tenetur dolores. Aut est deserunt id doloribus dolorum magni maiores. Perspiciatis deserunt voluptas debitis provident et corporis. Sit fugiat architecto consectetur sit officiis magnam.', 1, '2019-01-14 04:03:47', '2019-01-14 04:03:47'),
(267, 88, 'Porter Olson', 'Porro saepe nesciunt voluptatem occaecati. Est nihil provident perspiciatis quod dolor et ea. Hic sint quibusdam nam sint suscipit expedita. Voluptatem eveniet nulla quis aut debitis quis dolor corporis.', 2, '2019-01-14 04:03:47', '2019-01-14 04:03:47'),
(268, 69, 'Antoinette Medhurst DVM', 'Repellendus quis maiores maiores a qui. Eveniet pariatur recusandae soluta quia consequatur voluptatem. Facilis id cum qui odit aliquid nesciunt doloribus. Aut facere officiis aperiam excepturi dolorem.', 2, '2019-01-14 04:03:47', '2019-01-14 04:03:47'),
(269, 70, 'Maybelle Oberbrunner DDS', 'Nobis ut beatae non qui vero quia. Sapiente iure quis repellendus non.', 4, '2019-01-14 04:03:47', '2019-01-14 04:03:47'),
(270, 52, 'Dr. Therese McCullough III', 'Rerum commodi voluptas minima quia debitis facilis. Quia repellat fugiat reiciendis aut quis facilis consequatur est. Nisi quis minima inventore.', 5, '2019-01-14 04:03:47', '2019-01-14 04:03:47'),
(271, 30, 'Christ Dicki', 'Eveniet repudiandae aspernatur est quia voluptatem. Esse saepe eaque sunt et. Illum est quo et pariatur deleniti sit illo. Et ut vel sed fugit occaecati ut totam.', 5, '2019-01-14 04:03:47', '2019-01-14 04:03:47'),
(272, 89, 'Frederick Weissnat Sr.', 'Dolor et ipsum corrupti perferendis. Vel qui voluptas aut rerum. Molestiae molestiae rem hic rerum beatae ab esse. Sed beatae minima enim praesentium quod et maiores. Corrupti nesciunt doloribus sit veritatis dignissimos quam.', 3, '2019-01-14 04:03:47', '2019-01-14 04:03:47'),
(273, 69, 'Stanford Haley MD', 'Et hic repellendus sit ipsum reiciendis. Ut est reprehenderit consequatur odio quaerat. At dolor omnis iure recusandae magni qui error. Rerum est nobis suscipit at repellendus aut consequatur atque.', 2, '2019-01-14 04:03:47', '2019-01-14 04:03:47'),
(274, 37, 'Tyshawn Klocko', 'Exercitationem enim ea consequatur quis excepturi aliquid dolore id. Voluptates vel id ab facilis.', 5, '2019-01-14 04:03:47', '2019-01-14 04:03:47'),
(275, 61, 'Blake Gusikowski', 'Ut totam ab ut reprehenderit. Quod sit eos laborum fugit dolorem ut ipsa est. Neque aut eligendi sed corrupti rerum ut. Ad molestias esse et unde iure. Voluptate aut consectetur dolor quo eos.', 3, '2019-01-14 04:03:47', '2019-01-14 04:03:47'),
(276, 72, 'Brendan West', 'Id alias temporibus beatae. Iure sit nemo cumque est totam nisi. Aut aliquam reiciendis fugiat itaque consequatur facilis.', 4, '2019-01-14 04:03:47', '2019-01-14 04:03:47'),
(277, 75, 'Maci Jacobi Jr.', 'Sed dicta vel praesentium sed. Aut consequatur eveniet animi ratione laborum perspiciatis porro. Quam rerum provident voluptates voluptatem. Numquam et ea optio quia rerum.', 5, '2019-01-14 04:03:47', '2019-01-14 04:03:47'),
(278, 22, 'Claude Keeling', 'Est inventore facere possimus modi. Aut est dignissimos error dolore. Praesentium qui explicabo aut id perspiciatis.', 5, '2019-01-14 04:03:47', '2019-01-14 04:03:47'),
(279, 20, 'Anjali Roob', 'Dolor optio sint non. Quis et voluptatum eaque similique voluptatem id et. Nihil numquam dolor sit illo beatae et omnis eius. Sapiente aut quo laboriosam unde ipsa unde aut ipsam.', 3, '2019-01-14 04:03:47', '2019-01-14 04:03:47'),
(280, 10, 'Katelin Bruen', 'Minus quos et ipsam et dolorum impedit est. Omnis ipsam sed excepturi temporibus illum sequi dolorum quam. Corrupti deserunt quisquam quisquam.', 3, '2019-01-14 04:03:47', '2019-01-14 04:03:47'),
(281, 57, 'Ressie Hermann', 'Sit sed consequatur suscipit in consequuntur voluptatibus. Repellat ut est nisi dolor id nihil. Autem eligendi non sit asperiores.', 5, '2019-01-14 04:03:47', '2019-01-14 04:03:47'),
(282, 56, 'Kaden Halvorson', 'Nihil est quod praesentium. Iure explicabo quibusdam error debitis sint. Earum id animi voluptatum non sed. Voluptatem excepturi vitae soluta.', 5, '2019-01-14 04:03:47', '2019-01-14 04:03:47'),
(283, 73, 'Dr. Amos Ritchie Jr.', 'Et recusandae autem placeat est aut accusantium sunt rerum. Voluptas temporibus qui rerum maiores. Quos animi et excepturi deleniti laborum. Ut cupiditate quia aut vel. Aut et amet necessitatibus quisquam illum sint ad.', 1, '2019-01-14 04:03:47', '2019-01-14 04:03:47'),
(284, 11, 'Keyshawn King', 'Optio dolorem esse deserunt. Quis consequatur optio aspernatur sed temporibus laborum expedita. Iure minus ut similique. Quis et similique qui rerum.', 5, '2019-01-14 04:03:47', '2019-01-14 04:03:47'),
(285, 59, 'Michaela Anderson', 'Ut aliquam velit est quos quam tempora. Ea accusantium assumenda aut temporibus. Laudantium rem quo repellendus rerum doloremque quis.', 2, '2019-01-14 04:03:48', '2019-01-14 04:03:48'),
(286, 20, 'Jed Fahey', 'Provident et quas voluptatem omnis quibusdam in. Laborum consequuntur quibusdam nam et. Et velit eius provident voluptatibus et. Rem est perspiciatis dignissimos architecto deleniti ut.', 2, '2019-01-14 04:03:48', '2019-01-14 04:03:48'),
(287, 2, 'Jewel Mayert', 'Unde dolorem voluptatibus numquam. Laudantium repellendus repellendus rerum facilis et. Aliquid est ullam vel libero.', 5, '2019-01-14 04:03:48', '2019-01-14 04:03:48'),
(288, 52, 'Edyth McDermott', 'Voluptas assumenda quisquam necessitatibus. Corrupti consequatur consequatur voluptatem in id laudantium impedit pariatur. Recusandae porro qui ab non.', 4, '2019-01-14 04:03:48', '2019-01-14 04:03:48'),
(289, 97, 'Mona Sanford', 'Qui nulla consectetur quia velit minus. Est eius voluptas quia placeat rerum atque voluptas. Est voluptatem qui aperiam velit dolorem ut.', 4, '2019-01-14 04:03:48', '2019-01-14 04:03:48'),
(290, 38, 'Fredrick Hayes Jr.', 'Voluptas accusantium impedit culpa vel corporis. Ut aut tenetur et ut rerum molestiae. Fugiat ab possimus labore ut nisi necessitatibus qui nostrum. Aut at consequatur vero labore vitae natus soluta.', 0, '2019-01-14 04:03:48', '2019-01-14 04:03:48'),
(291, 93, 'Clinton Klein', 'Amet molestiae vitae reiciendis sunt molestias rerum. Enim natus cumque corrupti vitae tenetur est. Est quos voluptatem quisquam nihil accusamus. Et est eos incidunt aliquid sequi suscipit. Voluptas autem vel quo illum dolor non explicabo.', 0, '2019-01-14 04:03:48', '2019-01-14 04:03:48'),
(292, 38, 'Elise Koch', 'Aut incidunt et facere veniam aliquid est. Qui minima perferendis occaecati alias. Voluptatem explicabo possimus quis voluptate consequuntur. Sapiente assumenda eius facere sunt distinctio aut eaque.', 0, '2019-01-14 04:03:48', '2019-01-14 04:03:48'),
(293, 5, 'Krystal Goyette', 'Culpa error id et ea accusamus minima. Ea vel omnis assumenda ad. Placeat quasi vero eum hic.', 5, '2019-01-14 04:03:48', '2019-01-14 04:03:48'),
(294, 96, 'Clovis Balistreri', 'Est commodi aut tempora doloremque blanditiis voluptas perspiciatis. Porro facilis voluptatem vero nulla. Explicabo blanditiis omnis aliquid voluptatum quod minima odio ipsam. Autem et voluptas ut ut nobis corporis unde.', 0, '2019-01-14 04:03:48', '2019-01-14 04:03:48'),
(295, 6, 'Ms. Angie Carroll III', 'Voluptatem autem beatae tenetur non aut ut. Ut voluptas dolor explicabo perspiciatis ut. Quia dolores eos molestiae qui sit. Optio consequuntur ea corrupti laudantium at amet velit.', 4, '2019-01-14 04:03:48', '2019-01-14 04:03:48'),
(296, 60, 'Dr. Reilly Terry DVM', 'Ipsum amet illo ducimus mollitia praesentium alias magni. Sit similique enim non ea natus rem laboriosam. Aliquam voluptas maiores molestiae facere dicta. Ullam aut inventore recusandae commodi omnis cum.', 3, '2019-01-14 04:03:48', '2019-01-14 04:03:48'),
(297, 46, 'Rubie Swaniawski', 'Quisquam aspernatur omnis voluptatem aliquid eum pariatur. Eligendi quas sed repellat odio. Consequatur saepe officiis maiores necessitatibus in. Et totam possimus sunt et porro.', 3, '2019-01-14 04:03:48', '2019-01-14 04:03:48'),
(298, 31, 'Dr. Liliane Strosin MD', 'Ipsa dolor in sed exercitationem. Qui odio eveniet ut hic totam quidem sint aspernatur. Mollitia eligendi et repellat voluptas. Qui quo ipsa repellendus beatae eligendi perferendis.', 2, '2019-01-14 04:03:48', '2019-01-14 04:03:48'),
(299, 72, 'Mr. Jordi Ledner III', 'Reprehenderit labore corporis a ea quasi. Tempora quibusdam rerum et id est repudiandae. Quaerat recusandae quos velit odio libero et eaque molestias. Asperiores eos non sint non ut et consequuntur.', 1, '2019-01-14 04:03:49', '2019-01-14 04:03:49'),
(300, 19, 'Rhiannon Wunsch', 'Eius sit amet et iste similique officiis eum voluptatum. Facilis sequi atque iure reprehenderit dolores vero in optio. Aut quo sit sapiente odio.', 5, '2019-01-14 04:03:49', '2019-01-14 04:03:49');

-- --------------------------------------------------------

--
-- Table structure for table `users`
--

CREATE TABLE `users` (
  `id` int(10) UNSIGNED NOT NULL,
  `name` varchar(191) COLLATE utf8mb4_unicode_ci NOT NULL,
  `email` varchar(191) COLLATE utf8mb4_unicode_ci NOT NULL,
  `email_verified_at` timestamp NULL DEFAULT NULL,
  `password` varchar(191) COLLATE utf8mb4_unicode_ci NOT NULL,
  `remember_token` varchar(100) COLLATE utf8mb4_unicode_ci DEFAULT NULL,
  `created_at` timestamp NULL DEFAULT NULL,
  `updated_at` timestamp NULL DEFAULT NULL
) ENGINE=InnoDB DEFAULT CHARSET=utf8mb4 COLLATE=utf8mb4_unicode_ci;

--
-- Indexes for dumped tables
--

--
-- Indexes for table `migrations`
--
ALTER TABLE `migrations`
  ADD PRIMARY KEY (`id`);

--
-- Indexes for table `password_resets`
--
ALTER TABLE `password_resets`
  ADD KEY `password_resets_email_index` (`email`);

--
-- Indexes for table `products`
--
ALTER TABLE `products`
  ADD PRIMARY KEY (`id`);

--
-- Indexes for table `reviews`
--
ALTER TABLE `reviews`
  ADD PRIMARY KEY (`id`),
  ADD KEY `reviews_product_id_foreign` (`product_id`);

--
-- Indexes for table `users`
--
ALTER TABLE `users`
  ADD PRIMARY KEY (`id`),
  ADD UNIQUE KEY `users_email_unique` (`email`);

--
-- AUTO_INCREMENT for dumped tables
--

--
-- AUTO_INCREMENT for table `migrations`
--
ALTER TABLE `migrations`
  MODIFY `id` int(10) UNSIGNED NOT NULL AUTO_INCREMENT, AUTO_INCREMENT=5;
--
-- AUTO_INCREMENT for table `products`
--
ALTER TABLE `products`
  MODIFY `id` int(10) UNSIGNED NOT NULL AUTO_INCREMENT, AUTO_INCREMENT=101;
--
-- AUTO_INCREMENT for table `reviews`
--
ALTER TABLE `reviews`
  MODIFY `id` int(10) UNSIGNED NOT NULL AUTO_INCREMENT, AUTO_INCREMENT=301;
--
-- AUTO_INCREMENT for table `users`
--
ALTER TABLE `users`
  MODIFY `id` int(10) UNSIGNED NOT NULL AUTO_INCREMENT;
--
-- Constraints for dumped tables
--

--
-- Constraints for table `reviews`
--
ALTER TABLE `reviews`
  ADD CONSTRAINT `reviews_product_id_foreign` FOREIGN KEY (`product_id`) REFERENCES `products` (`id`) ON DELETE CASCADE;
COMMIT;

/*!40101 SET CHARACTER_SET_CLIENT=@OLD_CHARACTER_SET_CLIENT */;
/*!40101 SET CHARACTER_SET_RESULTS=@OLD_CHARACTER_SET_RESULTS */;
/*!40101 SET COLLATION_CONNECTION=@OLD_COLLATION_CONNECTION */;
